C:\Users\makeden\Documents\югдорпроект_конвертер_PDF\Несколько_рамок_в_модели_в_одном_слое_штамп_рамка.dwg,Модель,14.07.2026 14:57:46,makeden,AutoCAD PDF (General Documentation).pc3,ISO без полей A3 (420.00 x 297.00 мм),1:1,
E:\Temp\temp_28962f8bec314493b8114412a6d52fc8.dwg,Сопряжение,14.07.2026 15:20:07,makeden,DWG To PDF.pc3,ANSI A (11.00 x 8.50 дюймов),1:484.705,
E:\Temp\temp_b1a705660ac54d1584a5c1e97634a2c9.dwg,Сопряжение,14.07.2026 15:21:27,makeden,DWG To PDF.pc3,ANSI A (11.00 x 8.50 дюймов),1:484.705,
E:\Temp\temp_1336ebdce77f4854b53fb0c32d47ac06.dwg,Лист1,14.07.2026 15:21:47,makeden,DWG To PDF.pc3,ANSI A (11.00 x 8.50 дюймов),1:335.783,
C:\Users\makeden\Documents\югдорпроект_конвертер_PDF\cad_server_workdir\Несколько_рамок_в_принудительном_порядке_в_листе.dwg,Сопряжение,14.07.2026 15:25:35,makeden,AutoCAD PDF (General Documentation).pc3,Прежний размер листа (891.00 x 420.00 мм),1:1,
C:\Users\makeden\Documents\югдорпроект_конвертер_PDF\cad_server_workdir\Несколько_рамок_в_принудительном_порядке_в_листе.dwg,Сопряжение,14.07.2026 15:29:55,makeden,DWG To PDF.pc3,ANSI A (11.00 x 8.50 дюймов),1:1,
E:\Temp\temp_1246973c67ff49318100af0b0fc9e386.dwg,Лист1,14.07.2026 15:31:52,makeden,DWG To PDF.pc3,ANSI A (11.00 x 8.50 дюймов),1:1,
E:\Temp\test_export.dwg,Лист1,14.07.2026 15:35:06,makeden,AutoCAD PDF (General Documentation).pc3,Прежний размер листа (1261.00 x 594.00 мм),1:1,
E:\Temp\test_export.dwg,Лист2,14.07.2026 15:35:11,makeden,AutoCAD PDF (General Documentation).pc3,ISO A4 (210.00 x 297.00 мм),1:1,
E:\Temp\temp_42e0296396144884b789c6c54898dfd0.dwg,Лист1,14.07.2026 15:37:19,makeden,AutoCAD PDF (General Documentation).pc3,Прежний размер листа (1261.00 x 594.00 мм),1:1,
E:\Temp\temp_42e0296396144884b789c6c54898dfd0.dwg,Лист2,14.07.2026 15:37:23,makeden,AutoCAD PDF (General Documentation).pc3,ISO A4 (210.00 x 297.00 мм),1:1,
E:\Temp\temp_bb57d11b52494f4b91f605989021fad6.dwg,Лист1,14.07.2026 15:38:26,makeden,AutoCAD PDF (General Documentation).pc3,Прежний размер листа (1261.00 x 594.00 мм),1:1,
E:\Temp\temp_bb57d11b52494f4b91f605989021fad6.dwg,Лист2,14.07.2026 15:38:34,makeden,AutoCAD PDF (General Documentation).pc3,ISO A4 (210.00 x 297.00 мм),1:1,
E:\Temp\temp_d22030a4463b449ea0f3b86c48bad7f4.dwg,ОК6,14.07.2026 15:39:40,makeden,AutoCAD PDF (General Documentation).pc3,ISO без полей A1 (841.00 x 594.00 мм),1:1,
E:\Temp\temp_c5592f1fe6c74df1a49bf5e24cb2f054.dwg,ОП5,14.07.2026 15:40:13,makeden,AutoCAD PDF (General Documentation).pc3,ISO без полей A1 (841.00 x 594.00 мм),1:1,
E:\Temp\temp_38a9b160728543fe9d34954e8af31b31.dwg,Сопряжения,14.07.2026 15:45:27,makeden,AutoCAD PDF (General Documentation).pc3,Прежний размер листа (891.00 x 420.00 мм),1:1,
E:\share_test\Поперечники для проверки\Петля №4 справа_поперечники_14.08.dwg,1,14.08.2026 20:47:12,makeden,AutoCAD PDF (General Documentation).pc3,Прежний размер листа (420.00 x 297.00 Пикселы),1:1,
E:\share_test\Поперечники для проверки\Петля №4 справа_поперечники_14.08.dwg,2,14.08.2026 20:47:14,makeden,AutoCAD PDF (General Documentation).pc3,Прежний размер листа (420.00 x 297.00 Пикселы),1:1,
E:\share_test\Поперечники для проверки\Петля №4 справа_поперечники_14.08.dwg,3,14.08.2026 20:47:15,makeden,AutoCAD PDF (General Documentation).pc3,Прежний размер листа (420.00 x 297.00 Пикселы),1:1,
E:\share_test\Поперечники для проверки\Петля №4 справа_поперечники_14.08.dwg,4,14.08.2026 20:47:17,makeden,AutoCAD PDF (General Documentation).pc3,Прежний размер листа (420.00 x 297.00 Пикселы),1:1,
E:\share_test\Поперечники для проверки\Петля №4 справа_поперечники_14.08.dwg,5,14.08.2026 20:47:18,makeden,AutoCAD PDF (General Documentation).pc3,Прежний размер листа (420.00 x 297.00 Пикселы),1:1,
E:\share_test\Поперечники для проверки\Петля №4 справа_поперечники_14.08.dwg,6,14.08.2026 20:47:20,makeden,AutoCAD PDF (General Documentation).pc3,Прежний размер листа (420.00 x 297.00 Пикселы),1:1,
E:\share_test\Поперечники для проверки\Петля №4 справа_поперечники_14.08.dwg,7,14.08.2026 20:47:22,makeden,AutoCAD PDF (General Documentation).pc3,Прежний размер листа (420.00 x 297.00 Пикселы),1:1,
E:\share_test\Поперечники для проверки\Петля №4 справа_поперечники_14.08.dwg,8,14.08.2026 20:47:23,makeden,AutoCAD PDF (General Documentation).pc3,Прежний размер листа (420.00 x 297.00 Пикселы),1:1,
E:\share_test\Поперечники для проверки\Петля №4 справа_поперечники_14.08.dwg,9,14.08.2026 20:47:25,makeden,AutoCAD PDF (General Documentation).pc3,Прежний размер листа (420.00 x 297.00 Пикселы),1:1,
E:\share_test\Поперечники для проверки\Петля №4 справа_поперечники_14.08.dwg,10,14.08.2026 20:47:26,makeden,AutoCAD PDF (General Documentation).pc3,Прежний размер листа (420.00 x 297.00 Пикселы),1:1,
E:\share_test\Поперечники для проверки\Петля №4 справа_поперечники_14.08.dwg,11,14.08.2026 20:47:28,makeden,AutoCAD PDF (General Documentation).pc3,Прежний размер листа (420.00 x 297.00 Пикселы),1:1,
E:\share_test\Поперечники для проверки\Петля №4 справа_поперечники_14.08.dwg,12,14.08.2026 20:47:29,makeden,AutoCAD PDF (General Documentation).pc3,Прежний размер листа (420.00 x 297.00 Пикселы),1:1,
E:\share_test\Поперечники для проверки\Петля №4 справа_поперечники_14.08.dwg,13,14.08.2026 20:47:31,makeden,AutoCAD PDF (General Documentation).pc3,Прежний размер листа (420.00 x 297.00 Пикселы),1:1,
E:\share_test\Поперечники для проверки\Петля №4 справа_поперечники_14.08.dwg,14,14.08.2026 20:47:32,makeden,AutoCAD PDF (General Documentation).pc3,Прежний размер листа (420.00 x 297.00 Пикселы),1:1,
E:\share_test\Поперечники для проверки\Петля №4 справа_поперечники_14.08.dwg,15,14.08.2026 20:47:34,makeden,AutoCAD PDF (General Documentation).pc3,Прежний размер листа (420.00 x 297.00 Пикселы),1:1,
E:\share_test\Поперечники для проверки\Петля №4 справа_поперечники_14.08.dwg,16,14.08.2026 20:47:35,makeden,AutoCAD PDF (General Documentation).pc3,Прежний размер листа (420.00 x 297.00 Пикселы),1:1,
E:\share_test\Поперечники для проверки\Петля №4 справа_поперечники_14.08.dwg,17,14.08.2026 20:47:37,makeden,AutoCAD PDF (General Documentation).pc3,Прежний размер листа (420.00 x 297.00 Пикселы),1:1,
E:\share_test\Поперечники для проверки\Петля №4 справа_поперечники_14.08.dwg,18,14.08.2026 20:47:49,makeden,AutoCAD PDF (General Documentation).pc3,Прежний размер листа (420.00 x 297.00 Пикселы),1:1,
E:\share_test\Поперечники для проверки\Петля №4 справа_поперечники_14.08.dwg,19,14.08.2026 20:47:52,makeden,AutoCAD PDF (General Documentation).pc3,Прежний размер листа (420.00 x 297.00 Пикселы),1:1,
E:\share_test\Поперечники для проверки\Петля №4 справа_поперечники_14.08.dwg,20,14.08.2026 20:47:54,makeden,AutoCAD PDF (General Documentation).pc3,Прежний размер листа (420.00 x 297.00 Пикселы),1:1,
E:\share_test\Поперечники для проверки\Петля №4 справа_поперечники_14.08.dwg,21,14.08.2026 20:47:56,makeden,AutoCAD PDF (General Documentation).pc3,Прежний размер листа (420.00 x 297.00 Пикселы),1:1,
E:\share_test\Поперечники для проверки\Петля №4 справа_поперечники_14.08.dwg,22,14.08.2026 20:47:58,makeden,AutoCAD PDF (General Documentation).pc3,Прежний размер листа (420.00 x 297.00 Пикселы),1:1,
E:\share_test\Поперечники для проверки\Петля №4 справа_поперечники_14.08.dwg,23,14.08.2026 20:47:59,makeden,AutoCAD PDF (General Documentation).pc3,Прежний размер листа (420.00 x 297.00 Пикселы),1:1,
E:\share_test\Поперечники для проверки\Петля №4 справа_поперечники_14.08.dwg,24,14.08.2026 20:48:01,makeden,AutoCAD PDF (General Documentation).pc3,Прежний размер листа (420.00 x 297.00 Пикселы),1:1,
E:\share_test\Поперечники для проверки\Петля №4 справа_поперечники_14.08.dwg,25,14.08.2026 20:48:02,makeden,AutoCAD PDF (General Documentation).pc3,Прежний размер листа (420.00 x 297.00 Пикселы),1:1,
E:\share_test\Поперечники для проверки\Петля №4 справа_поперечники_14.08.dwg,26,14.08.2026 20:48:04,makeden,AutoCAD PDF (General Documentation).pc3,Прежний размер листа (420.00 x 297.00 Пикселы),1:1,
E:\share_test\Поперечники для проверки\Петля №4 справа_поперечники_14.08.dwg,27,14.08.2026 20:48:05,makeden,AutoCAD PDF (General Documentation).pc3,Прежний размер листа (420.00 x 297.00 Пикселы),1:1,
E:\share_test\Поперечники для проверки\Петля №4 справа_поперечники_14.08.dwg,28,14.08.2026 20:48:07,makeden,AutoCAD PDF (General Documentation).pc3,Прежний размер листа (420.00 x 297.00 Пикселы),1:1,
E:\share_test\Поперечники для проверки\Петля №4 справа_поперечники_14.08.dwg,29,14.08.2026 20:48:09,makeden,AutoCAD PDF (General Documentation).pc3,Прежний размер листа (420.00 x 297.00 Пикселы),1:1,
E:\share_test\Поперечники для проверки\Петля №4 справа_поперечники_14.08.dwg,30,14.08.2026 20:48:10,makeden,AutoCAD PDF (General Documentation).pc3,Прежний размер листа (420.00 x 297.00 Пикселы),1:1,
E:\share_test\Поперечники для проверки\Петля №4 справа_поперечники_14.08.dwg,31,14.08.2026 20:48:12,makeden,AutoCAD PDF (General Documentation).pc3,Прежний размер листа (420.00 x 297.00 Пикселы),1:1,
E:\share_test\Поперечники для проверки\Петля №4 справа_поперечники_14.08.dwg,32,14.08.2026 20:48:14,makeden,AutoCAD PDF (General Documentation).pc3,Прежний размер листа (420.00 x 297.00 Пикселы),1:1,
E:\share_test\Поперечники для проверки\Петля №4 справа_поперечники_14.08.dwg,33,14.08.2026 20:48:15,makeden,AutoCAD PDF (General Documentation).pc3,Прежний размер листа (420.00 x 297.00 Пикселы),1:1,
E:\share_test\Поперечники для проверки\Петля №4 справа_поперечники_14.08.dwg,34,14.08.2026 20:48:17,makeden,AutoCAD PDF (General Documentation).pc3,Прежний размер листа (420.00 x 297.00 Пикселы),1:1,
E:\share_test\Поперечники для проверки\Петля №4 справа_поперечники_14.08.dwg,35,14.08.2026 20:48:19,makeden,AutoCAD PDF (General Documentation).pc3,Прежний размер листа (420.00 x 297.00 Пикселы),1:1,
E:\share_test\Поперечники для проверки\Петля №4 справа_поперечники_14.08.dwg,36,14.08.2026 20:48:20,makeden,AutoCAD PDF (General Documentation).pc3,Прежний размер листа (420.00 x 297.00 Пикселы),1:1,
E:\share_test\Поперечники для проверки\Петля №4 справа_поперечники_14.08.dwg,37,14.08.2026 20:48:22,makeden,AutoCAD PDF (General Documentation).pc3,Прежний размер листа (420.00 x 297.00 Пикселы),1:1,
E:\share_test\Поперечники для проверки\Петля №4 справа_поперечники_14.08.dwg,38,14.08.2026 20:48:24,makeden,AutoCAD PDF (General Documentation).pc3,Прежний размер листа (420.00 x 297.00 Пикселы),1:1,
E:\share_test\Поперечники для проверки\Петля №4 справа_поперечники_14.08.dwg,39,14.08.2026 20:48:26,makeden,AutoCAD PDF (General Documentation).pc3,Прежний размер листа (420.00 x 297.00 Пикселы),1:1,
E:\share_test\Поперечники для проверки\Петля №4 справа_поперечники_14.08.dwg,40,14.08.2026 20:48:28,makeden,AutoCAD PDF (General Documentation).pc3,Прежний размер листа (420.00 x 297.00 Пикселы),1:1,
E:\share_test\Поперечники для проверки\Петля №4 справа_поперечники_14.08.dwg,41,14.08.2026 20:48:29,makeden,AutoCAD PDF (General Documentation).pc3,Прежний размер листа (420.00 x 297.00 Пикселы),1:1,
E:\share_test\Поперечники для проверки\Петля №4 справа_поперечники_14.08.dwg,42,14.08.2026 20:48:32,makeden,AutoCAD PDF (General Documentation).pc3,Прежний размер листа (420.00 x 297.00 Пикселы),1:1,
E:\share_test\Поперечники для проверки\Петля №4 справа_поперечники_14.08.dwg,43,14.08.2026 20:48:33,makeden,AutoCAD PDF (General Documentation).pc3,Прежний размер листа (420.00 x 297.00 Пикселы),1:1,
E:\share_test\Поперечники для проверки\Петля №4 справа_поперечники_14.08.dwg,44,14.08.2026 20:48:35,makeden,AutoCAD PDF (General Documentation).pc3,Прежний размер листа (420.00 x 297.00 Пикселы),1:1,
E:\share_test\Поперечники для проверки\Петля №4 справа_поперечники_14.08.dwg,45,14.08.2026 20:48:37,makeden,AutoCAD PDF (General Documentation).pc3,Прежний размер листа (420.00 x 297.00 Пикселы),1:1,
E:\share_test\Поперечники для проверки\Петля №4 справа_поперечники_14.08.dwg,46,14.08.2026 20:48:39,makeden,AutoCAD PDF (General Documentation).pc3,Прежний размер листа (420.00 x 297.00 Пикселы),1:1,
E:\share_test\Поперечники для проверки\Петля №4 справа_поперечники_14.08.dwg,47,14.08.2026 20:48:41,makeden,AutoCAD PDF (General Documentation).pc3,Прежний размер листа (420.00 x 297.00 Пикселы),1:1,
E:\share_test\Поперечники для проверки\Петля №4 справа_поперечники_14.08.dwg,48,14.08.2026 20:48:42,makeden,AutoCAD PDF (General Documentation).pc3,Прежний размер листа (420.00 x 297.00 Пикселы),1:1,
E:\share_test\Поперечники для проверки\Петля №4 справа_поперечники_14.08.dwg,49,14.08.2026 20:48:44,makeden,AutoCAD PDF (General Documentation).pc3,Прежний размер листа (420.00 x 297.00 Пикселы),1:1,
E:\share_test\Поперечники для проверки\Петля №4 справа_поперечники_14.08.dwg,50,14.08.2026 20:48:45,makeden,AutoCAD PDF (General Documentation).pc3,Прежний размер листа (420.00 x 297.00 Пикселы),1:1,
E:\share_test\Поперечники для проверки\Петля №4 справа_поперечники_14.08.dwg,1,14.08.2026 20:48:24,makeden,AutoCAD PDF (General Documentation).pc3,Прежний размер листа (420.00 x 297.00 Пикселы),1:1,
E:\share_test\Поперечники для проверки\Петля №4 справа_поперечники_14.08.dwg,2,14.08.2026 20:48:25,makeden,AutoCAD PDF (General Documentation).pc3,Прежний размер листа (420.00 x 297.00 Пикселы),1:1,
E:\share_test\Поперечники для проверки\Петля №4 справа_поперечники_14.08.dwg,3,14.08.2026 20:48:27,makeden,AutoCAD PDF (General Documentation).pc3,Прежний размер листа (420.00 x 297.00 Пикселы),1:1,
E:\share_test\Поперечники для проверки\Петля №4 справа_поперечники_14.08.dwg,4,14.08.2026 20:48:29,makeden,AutoCAD PDF (General Documentation).pc3,Прежний размер листа (420.00 x 297.00 Пикселы),1:1,
E:\share_test\Поперечники для проверки\Петля №4 справа_поперечники_14.08.dwg,5,14.08.2026 20:48:31,makeden,AutoCAD PDF (General Documentation).pc3,Прежний размер листа (420.00 x 297.00 Пикселы),1:1,
E:\share_test\Поперечники для проверки\Петля №4 справа_поперечники_14.08.dwg,6,14.08.2026 20:48:33,makeden,AutoCAD PDF (General Documentation).pc3,Прежний размер листа (420.00 x 297.00 Пикселы),1:1,
E:\share_test\Поперечники для проверки\Петля №4 справа_поперечники_14.08.dwg,7,14.08.2026 20:48:35,makeden,AutoCAD PDF (General Documentation).pc3,Прежний размер листа (420.00 x 297.00 Пикселы),1:1,
E:\share_test\Поперечники для проверки\Петля №4 справа_поперечники_14.08.dwg,8,14.08.2026 20:48:36,makeden,AutoCAD PDF (General Documentation).pc3,Прежний размер листа (420.00 x 297.00 Пикселы),1:1,
E:\share_test\Поперечники для проверки\Петля №4 справа_поперечники_14.08.dwg,9,14.08.2026 20:48:39,makeden,AutoCAD PDF (General Documentation).pc3,Прежний размер листа (420.00 x 297.00 Пикселы),1:1,
E:\share_test\Поперечники для проверки\Петля №4 справа_поперечники_14.08.dwg,10,14.08.2026 20:48:40,makeden,AutoCAD PDF (General Documentation).pc3,Прежний размер листа (420.00 x 297.00 Пикселы),1:1,
E:\share_test\Поперечники для проверки\Петля №4 справа_поперечники_14.08.dwg,11,14.08.2026 20:48:42,makeden,AutoCAD PDF (General Documentation).pc3,Прежний размер листа (420.00 x 297.00 Пикселы),1:1,
E:\share_test\Поперечники для проверки\Петля №4 справа_поперечники_14.08.dwg,12,14.08.2026 20:48:43,makeden,AutoCAD PDF (General Documentation).pc3,Прежний размер листа (420.00 x 297.00 Пикселы),1:1,
E:\share_test\Поперечники для проверки\Петля №4 справа_поперечники_14.08.dwg,13,14.08.2026 20:48:45,makeden,AutoCAD PDF (General Documentation).pc3,Прежний размер листа (420.00 x 297.00 Пикселы),1:1,
E:\share_test\Поперечники для проверки\Петля №4 справа_поперечники_14.08.dwg,14,14.08.2026 20:48:47,makeden,AutoCAD PDF (General Documentation).pc3,Прежний размер листа (420.00 x 297.00 Пикселы),1:1,
E:\share_test\Поперечники для проверки\Петля №4 справа_поперечники_14.08.dwg,15,14.08.2026 20:48:48,makeden,AutoCAD PDF (General Documentation).pc3,Прежний размер листа (420.00 x 297.00 Пикселы),1:1,
E:\share_test\Поперечники для проверки\Петля №4 справа_поперечники_14.08.dwg,16,14.08.2026 20:48:50,makeden,AutoCAD PDF (General Documentation).pc3,Прежний размер листа (420.00 x 297.00 Пикселы),1:1,
E:\share_test\Поперечники для проверки\Петля №4 справа_поперечники_14.08.dwg,17,14.08.2026 20:48:51,makeden,AutoCAD PDF (General Documentation).pc3,Прежний размер листа (420.00 x 297.00 Пикселы),1:1,
E:\share_test\Поперечники для проверки\Петля №4 справа_поперечники_14.08.dwg,18,14.08.2026 20:48:53,makeden,AutoCAD PDF (General Documentation).pc3,Прежний размер листа (420.00 x 297.00 Пикселы),1:1,
E:\share_test\Поперечники для проверки\Петля №4 справа_поперечники_14.08.dwg,19,14.08.2026 20:48:55,makeden,AutoCAD PDF (General Documentation).pc3,Прежний размер листа (420.00 x 297.00 Пикселы),1:1,
E:\share_test\Поперечники для проверки\Петля №4 справа_поперечники_14.08.dwg,20,14.08.2026 20:48:56,makeden,AutoCAD PDF (General Documentation).pc3,Прежний размер листа (420.00 x 297.00 Пикселы),1:1,
E:\share_test\Поперечники для проверки\Петля №4 справа_поперечники_14.08.dwg,21,14.08.2026 20:48:58,makeden,AutoCAD PDF (General Documentation).pc3,Прежний размер листа (420.00 x 297.00 Пикселы),1:1,
E:\share_test\Поперечники для проверки\Петля №4 справа_поперечники_14.08.dwg,22,14.08.2026 20:49:00,makeden,AutoCAD PDF (General Documentation).pc3,Прежний размер листа (420.00 x 297.00 Пикселы),1:1,
E:\share_test\Поперечники для проверки\Петля №4 справа_поперечники_14.08.dwg,23,14.08.2026 20:49:01,makeden,AutoCAD PDF (General Documentation).pc3,Прежний размер листа (420.00 x 297.00 Пикселы),1:1,
E:\share_test\Поперечники для проверки\Петля №4 справа_поперечники_14.08.dwg,24,14.08.2026 20:49:03,makeden,AutoCAD PDF (General Documentation).pc3,Прежний размер листа (420.00 x 297.00 Пикселы),1:1,
E:\share_test\Поперечники для проверки\Петля №4 справа_поперечники_14.08.dwg,25,14.08.2026 20:49:04,makeden,AutoCAD PDF (General Documentation).pc3,Прежний размер листа (420.00 x 297.00 Пикселы),1:1,
E:\share_test\Поперечники для проверки\Петля №4 справа_поперечники_14.08.dwg,26,14.08.2026 20:49:06,makeden,AutoCAD PDF (General Documentation).pc3,Прежний размер листа (420.00 x 297.00 Пикселы),1:1,
E:\share_test\Поперечники для проверки\Петля №4 справа_поперечники_14.08.dwg,27,14.08.2026 20:49:07,makeden,AutoCAD PDF (General Documentation).pc3,Прежний размер листа (420.00 x 297.00 Пикселы),1:1,
E:\share_test\Поперечники для проверки\Петля №4 справа_поперечники_14.08.dwg,28,14.08.2026 20:49:09,makeden,AutoCAD PDF (General Documentation).pc3,Прежний размер листа (420.00 x 297.00 Пикселы),1:1,
E:\share_test\Поперечники для проверки\Петля №4 справа_поперечники_14.08.dwg,29,14.08.2026 20:49:10,makeden,AutoCAD PDF (General Documentation).pc3,Прежний размер листа (420.00 x 297.00 Пикселы),1:1,
E:\share_test\Поперечники для проверки\Петля №4 справа_поперечники_14.08.dwg,30,14.08.2026 20:49:12,makeden,AutoCAD PDF (General Documentation).pc3,Прежний размер листа (420.00 x 297.00 Пикселы),1:1,
E:\share_test\Поперечники для проверки\Петля №4 справа_поперечники_14.08.dwg,31,14.08.2026 20:49:14,makeden,AutoCAD PDF (General Documentation).pc3,Прежний размер листа (420.00 x 297.00 Пикселы),1:1,
E:\share_test\Поперечники для проверки\Петля №4 справа_поперечники_14.08.dwg,32,14.08.2026 20:49:15,makeden,AutoCAD PDF (General Documentation).pc3,Прежний размер листа (420.00 x 297.00 Пикселы),1:1,
E:\share_test\Поперечники для проверки\Петля №4 справа_поперечники_14.08.dwg,33,14.08.2026 20:49:17,makeden,AutoCAD PDF (General Documentation).pc3,Прежний размер листа (420.00 x 297.00 Пикселы),1:1,
E:\share_test\Поперечники для проверки\Петля №4 справа_поперечники_14.08.dwg,34,14.08.2026 20:49:18,makeden,AutoCAD PDF (General Documentation).pc3,Прежний размер листа (420.00 x 297.00 Пикселы),1:1,
E:\share_test\Поперечники для проверки\Петля №4 справа_поперечники_14.08.dwg,35,14.08.2026 20:49:20,makeden,AutoCAD PDF (General Documentation).pc3,Прежний размер листа (420.00 x 297.00 Пикселы),1:1,
E:\share_test\Поперечники для проверки\Петля №4 справа_поперечники_14.08.dwg,36,14.08.2026 20:49:21,makeden,AutoCAD PDF (General Documentation).pc3,Прежний размер листа (420.00 x 297.00 Пикселы),1:1,
E:\share_test\Поперечники для проверки\Петля №4 справа_поперечники_14.08.dwg,37,14.08.2026 20:49:23,makeden,AutoCAD PDF (General Documentation).pc3,Прежний размер листа (420.00 x 297.00 Пикселы),1:1,
E:\share_test\Поперечники для проверки\Петля №4 справа_поперечники_14.08.dwg,38,14.08.2026 20:49:24,makeden,AutoCAD PDF (General Documentation).pc3,Прежний размер листа (420.00 x 297.00 Пикселы),1:1,
E:\share_test\Поперечники для проверки\Петля №4 справа_поперечники_14.08.dwg,39,14.08.2026 20:49:26,makeden,AutoCAD PDF (General Documentation).pc3,Прежний размер листа (420.00 x 297.00 Пикселы),1:1,
E:\share_test\Поперечники для проверки\Петля №4 справа_поперечники_14.08.dwg,40,14.08.2026 20:49:28,makeden,AutoCAD PDF (General Documentation).pc3,Прежний размер листа (420.00 x 297.00 Пикселы),1:1,
E:\share_test\Поперечники для проверки\Петля №4 справа_поперечники_14.08.dwg,41,14.08.2026 20:49:29,makeden,AutoCAD PDF (General Documentation).pc3,Прежний размер листа (420.00 x 297.00 Пикселы),1:1,
E:\share_test\Поперечники для проверки\Петля №4 справа_поперечники_14.08.dwg,42,14.08.2026 20:49:31,makeden,AutoCAD PDF (General Documentation).pc3,Прежний размер листа (420.00 x 297.00 Пикселы),1:1,
E:\share_test\Поперечники для проверки\Петля №4 справа_поперечники_14.08.dwg,43,14.08.2026 20:49:33,makeden,AutoCAD PDF (General Documentation).pc3,Прежний размер листа (420.00 x 297.00 Пикселы),1:1,
E:\share_test\Поперечники для проверки\Петля №4 справа_поперечники_14.08.dwg,44,14.08.2026 20:49:34,makeden,AutoCAD PDF (General Documentation).pc3,Прежний размер листа (420.00 x 297.00 Пикселы),1:1,
E:\share_test\Поперечники для проверки\Петля №4 справа_поперечники_14.08.dwg,45,14.08.2026 20:49:35,makeden,AutoCAD PDF (General Documentation).pc3,Прежний размер листа (420.00 x 297.00 Пикселы),1:1,
E:\share_test\Поперечники для проверки\Петля №4 справа_поперечники_14.08.dwg,46,14.08.2026 20:49:37,makeden,AutoCAD PDF (General Documentation).pc3,Прежний размер листа (420.00 x 297.00 Пикселы),1:1,
E:\share_test\Поперечники для проверки\Петля №4 справа_поперечники_14.08.dwg,47,14.08.2026 20:49:38,makeden,AutoCAD PDF (General Documentation).pc3,Прежний размер листа (420.00 x 297.00 Пикселы),1:1,
E:\share_test\Поперечники для проверки\Петля №4 справа_поперечники_14.08.dwg,48,14.08.2026 20:49:40,makeden,AutoCAD PDF (General Documentation).pc3,Прежний размер листа (420.00 x 297.00 Пикселы),1:1,
E:\share_test\Поперечники для проверки\Петля №4 справа_поперечники_14.08.dwg,49,14.08.2026 20:49:42,makeden,AutoCAD PDF (General Documentation).pc3,Прежний размер листа (420.00 x 297.00 Пикселы),1:1,
E:\share_test\Поперечники для проверки\Петля №4 справа_поперечники_14.08.dwg,50,14.08.2026 20:49:43,makeden,AutoCAD PDF (General Documentation).pc3,Прежний размер листа (420.00 x 297.00 Пикселы),1:1,
E:\share_test\Поперечники для проверки\Петля №4 справа_поперечники_14.08.dwg,1,14.08.2026 20:56:47,makeden,AutoCAD PDF (General Documentation).pc3,ISO без полей A3 (420.00 x 297.00 мм),1:1,
E:\share_test\Поперечники для проверки\Петля №4 справа_поперечники_14.08.dwg,2,14.08.2026 20:56:49,makeden,AutoCAD PDF (General Documentation).pc3,ISO без полей A3 (420.00 x 297.00 мм),1:1,
E:\share_test\Поперечники для проверки\Петля №4 справа_поперечники_14.08.dwg,3,14.08.2026 20:56:50,makeden,AutoCAD PDF (General Documentation).pc3,ISO без полей A3 (420.00 x 297.00 мм),1:1,
E:\share_test\Поперечники для проверки\Петля №4 справа_поперечники_14.08.dwg,4,14.08.2026 20:56:52,makeden,AutoCAD PDF (General Documentation).pc3,ISO без полей A3 (420.00 x 297.00 мм),1:1,
E:\share_test\Поперечники для проверки\Петля №4 справа_поперечники_14.08.dwg,5,14.08.2026 20:56:54,makeden,AutoCAD PDF (General Documentation).pc3,ISO без полей A3 (420.00 x 297.00 мм),1:1,
E:\share_test\Поперечники для проверки\Петля №4 справа_поперечники_14.08.dwg,6,14.08.2026 20:56:55,makeden,AutoCAD PDF (General Documentation).pc3,ISO без полей A3 (420.00 x 297.00 мм),1:1,
E:\share_test\Поперечники для проверки\Петля №4 справа_поперечники_14.08.dwg,7,14.08.2026 20:56:57,makeden,AutoCAD PDF (General Documentation).pc3,ISO без полей A3 (420.00 x 297.00 мм),1:1,
E:\share_test\Поперечники для проверки\Петля №4 справа_поперечники_14.08.dwg,8,14.08.2026 20:56:59,makeden,AutoCAD PDF (General Documentation).pc3,ISO без полей A3 (420.00 x 297.00 мм),1:1,
E:\share_test\Поперечники для проверки\Петля №4 справа_поперечники_14.08.dwg,9,14.08.2026 20:57:00,makeden,AutoCAD PDF (General Documentation).pc3,ISO без полей A3 (420.00 x 297.00 мм),1:1,
E:\share_test\Поперечники для проверки\Петля №4 справа_поперечники_14.08.dwg,10,14.08.2026 20:57:02,makeden,AutoCAD PDF (General Documentation).pc3,ISO без полей A3 (420.00 x 297.00 мм),1:1,
E:\share_test\Поперечники для проверки\Петля №4 справа_поперечники_14.08.dwg,11,14.08.2026 20:57:04,makeden,AutoCAD PDF (General Documentation).pc3,ISO без полей A3 (420.00 x 297.00 мм),1:1,
E:\share_test\Поперечники для проверки\Петля №4 справа_поперечники_14.08.dwg,12,14.08.2026 20:57:05,makeden,AutoCAD PDF (General Documentation).pc3,ISO без полей A3 (420.00 x 297.00 мм),1:1,
E:\share_test\Поперечники для проверки\Петля №4 справа_поперечники_14.08.dwg,13,14.08.2026 20:57:07,makeden,AutoCAD PDF (General Documentation).pc3,ISO без полей A3 (420.00 x 297.00 мм),1:1,
E:\share_test\Поперечники для проверки\Петля №4 справа_поперечники_14.08.dwg,14,14.08.2026 20:57:09,makeden,AutoCAD PDF (General Documentation).pc3,ISO без полей A3 (420.00 x 297.00 мм),1:1,
E:\share_test\Поперечники для проверки\Петля №4 справа_поперечники_14.08.dwg,15,14.08.2026 20:57:11,makeden,AutoCAD PDF (General Documentation).pc3,ISO без полей A3 (420.00 x 297.00 мм),1:1,
E:\share_test\Поперечники для проверки\Петля №4 справа_поперечники_14.08.dwg,16,14.08.2026 20:57:12,makeden,AutoCAD PDF (General Documentation).pc3,ISO без полей A3 (420.00 x 297.00 мм),1:1,
E:\share_test\Поперечники для проверки\Петля №4 справа_поперечники_14.08.dwg,17,14.08.2026 20:57:14,makeden,AutoCAD PDF (General Documentation).pc3,ISO без полей A3 (420.00 x 297.00 мм),1:1,
E:\share_test\Поперечники для проверки\Петля №4 справа_поперечники_14.08.dwg,18,14.08.2026 20:57:16,makeden,AutoCAD PDF (General Documentation).pc3,ISO без полей A3 (420.00 x 297.00 мм),1:1,
E:\share_test\Поперечники для проверки\Петля №4 справа_поперечники_14.08.dwg,19,14.08.2026 20:57:17,makeden,AutoCAD PDF (General Documentation).pc3,ISO без полей A3 (420.00 x 297.00 мм),1:1,
E:\share_test\Поперечники для проверки\Петля №4 справа_поперечники_14.08.dwg,20,14.08.2026 20:57:19,makeden,AutoCAD PDF (General Documentation).pc3,ISO без полей A3 (420.00 x 297.00 мм),1:1,
E:\share_test\Поперечники для проверки\Петля №4 справа_поперечники_14.08.dwg,21,14.08.2026 20:57:20,makeden,AutoCAD PDF (General Documentation).pc3,ISO без полей A3 (420.00 x 297.00 мм),1:1,
E:\share_test\Поперечники для проверки\Петля №4 справа_поперечники_14.08.dwg,22,14.08.2026 20:57:22,makeden,AutoCAD PDF (General Documentation).pc3,ISO без полей A3 (420.00 x 297.00 мм),1:1,
E:\share_test\Поперечники для проверки\Петля №4 справа_поперечники_14.08.dwg,23,14.08.2026 20:57:24,makeden,AutoCAD PDF (General Documentation).pc3,ISO без полей A3 (420.00 x 297.00 мм),1:1,
E:\share_test\Поперечники для проверки\Петля №4 справа_поперечники_14.08.dwg,24,14.08.2026 20:57:25,makeden,AutoCAD PDF (General Documentation).pc3,ISO без полей A3 (420.00 x 297.00 мм),1:1,
E:\share_test\Поперечники для проверки\Петля №4 справа_поперечники_14.08.dwg,25,14.08.2026 20:57:26,makeden,AutoCAD PDF (General Documentation).pc3,ISO без полей A3 (420.00 x 297.00 мм),1:1,
E:\share_test\Поперечники для проверки\Петля №4 справа_поперечники_14.08.dwg,26,14.08.2026 20:57:28,makeden,AutoCAD PDF (General Documentation).pc3,ISO без полей A3 (420.00 x 297.00 мм),1:1,
E:\share_test\Поперечники для проверки\Петля №4 справа_поперечники_14.08.dwg,27,14.08.2026 20:57:29,makeden,AutoCAD PDF (General Documentation).pc3,ISO без полей A3 (420.00 x 297.00 мм),1:1,
E:\share_test\Поперечники для проверки\Петля №4 справа_поперечники_14.08.dwg,28,14.08.2026 20:57:31,makeden,AutoCAD PDF (General Documentation).pc3,ISO без полей A3 (420.00 x 297.00 мм),1:1,
E:\share_test\Поперечники для проверки\Петля №4 справа_поперечники_14.08.dwg,29,14.08.2026 20:57:32,makeden,AutoCAD PDF (General Documentation).pc3,ISO без полей A3 (420.00 x 297.00 мм),1:1,
E:\share_test\Поперечники для проверки\Петля №4 справа_поперечники_14.08.dwg,30,14.08.2026 20:57:45,makeden,AutoCAD PDF (General Documentation).pc3,ISO без полей A3 (420.00 x 297.00 мм),1:1,
E:\share_test\Поперечники для проверки\Петля №4 справа_поперечники_14.08.dwg,31,14.08.2026 20:57:46,makeden,AutoCAD PDF (General Documentation).pc3,ISO без полей A3 (420.00 x 297.00 мм),1:1,
E:\share_test\Поперечники для проверки\Петля №4 справа_поперечники_14.08.dwg,32,14.08.2026 20:57:48,makeden,AutoCAD PDF (General Documentation).pc3,ISO без полей A3 (420.00 x 297.00 мм),1:1,
E:\share_test\Поперечники для проверки\Петля №4 справа_поперечники_14.08.dwg,33,14.08.2026 20:57:50,makeden,AutoCAD PDF (General Documentation).pc3,ISO без полей A3 (420.00 x 297.00 мм),1:1,
E:\share_test\Поперечники для проверки\Петля №4 справа_поперечники_14.08.dwg,34,14.08.2026 20:57:52,makeden,AutoCAD PDF (General Documentation).pc3,ISO без полей A3 (420.00 x 297.00 мм),1:1,
E:\share_test\Поперечники для проверки\Петля №4 справа_поперечники_14.08.dwg,35,14.08.2026 20:57:53,makeden,AutoCAD PDF (General Documentation).pc3,ISO без полей A3 (420.00 x 297.00 мм),1:1,
E:\share_test\Поперечники для проверки\Петля №4 справа_поперечники_14.08.dwg,36,14.08.2026 20:57:55,makeden,AutoCAD PDF (General Documentation).pc3,ISO без полей A3 (420.00 x 297.00 мм),1:1,
E:\share_test\Поперечники для проверки\Петля №4 справа_поперечники_14.08.dwg,37,14.08.2026 20:57:56,makeden,AutoCAD PDF (General Documentation).pc3,ISO без полей A3 (420.00 x 297.00 мм),1:1,
E:\share_test\Поперечники для проверки\Петля №4 справа_поперечники_14.08.dwg,38,14.08.2026 20:57:58,makeden,AutoCAD PDF (General Documentation).pc3,ISO без полей A3 (420.00 x 297.00 мм),1:1,
E:\share_test\Поперечники для проверки\Петля №4 справа_поперечники_14.08.dwg,39,14.08.2026 20:58:00,makeden,AutoCAD PDF (General Documentation).pc3,ISO без полей A3 (420.00 x 297.00 мм),1:1,
E:\share_test\Поперечники для проверки\Петля №4 справа_поперечники_14.08.dwg,40,14.08.2026 20:58:01,makeden,AutoCAD PDF (General Documentation).pc3,ISO без полей A3 (420.00 x 297.00 мм),1:1,
E:\share_test\Поперечники для проверки\Петля №4 справа_поперечники_14.08.dwg,41,14.08.2026 20:58:03,makeden,AutoCAD PDF (General Documentation).pc3,ISO без полей A3 (420.00 x 297.00 мм),1:1,
E:\share_test\Поперечники для проверки\Петля №4 справа_поперечники_14.08.dwg,42,14.08.2026 20:58:04,makeden,AutoCAD PDF (General Documentation).pc3,ISO без полей A3 (420.00 x 297.00 мм),1:1,
E:\share_test\Поперечники для проверки\Петля №4 справа_поперечники_14.08.dwg,43,14.08.2026 20:58:06,makeden,AutoCAD PDF (General Documentation).pc3,ISO без полей A3 (420.00 x 297.00 мм),1:1,
E:\share_test\Поперечники для проверки\Петля №4 справа_поперечники_14.08.dwg,44,14.08.2026 20:58:07,makeden,AutoCAD PDF (General Documentation).pc3,ISO без полей A3 (420.00 x 297.00 мм),1:1,
E:\share_test\Поперечники для проверки\Петля №4 справа_поперечники_14.08.dwg,45,14.08.2026 20:58:09,makeden,AutoCAD PDF (General Documentation).pc3,ISO без полей A3 (420.00 x 297.00 мм),1:1,
E:\share_test\Поперечники для проверки\Петля №4 справа_поперечники_14.08.dwg,46,14.08.2026 20:58:10,makeden,AutoCAD PDF (General Documentation).pc3,ISO без полей A3 (420.00 x 297.00 мм),1:1,
E:\share_test\Поперечники для проверки\Петля №4 справа_поперечники_14.08.dwg,47,14.08.2026 20:58:12,makeden,AutoCAD PDF (General Documentation).pc3,ISO без полей A3 (420.00 x 297.00 мм),1:1,
E:\share_test\Поперечники для проверки\Петля №4 справа_поперечники_14.08.dwg,48,14.08.2026 20:58:13,makeden,AutoCAD PDF (General Documentation).pc3,ISO без полей A3 (420.00 x 297.00 мм),1:1,
E:\share_test\Поперечники для проверки\Петля №4 справа_поперечники_14.08.dwg,49,14.08.2026 20:58:15,makeden,AutoCAD PDF (General Documentation).pc3,ISO без полей A3 (420.00 x 297.00 мм),1:1,
E:\share_test\Поперечники для проверки\Петля №4 справа_поперечники_14.08.dwg,50,14.08.2026 20:58:16,makeden,AutoCAD PDF (General Documentation).pc3,ISO без полей A3 (420.00 x 297.00 мм),1:1,
E:\share_test\Поперечники для проверки\Петля №4 справа_поперечники_14.08.dwg,2,14.08.2026 21:05:40,makeden,DWG To PDF.pc3,ISO без полей A3 (420.00 x 297.00 мм),1:1,
E:\Temp\temp_6a342f3a3f5647faaba4888312fb3df6.dwg,Layout1,18.08.2026 14:52:52,makeden,AutoCAD PDF (General Documentation).pc3,Прежний размер листа (841.00 x 297.00 мм),1:1,
E:\Temp\temp_6a342f3a3f5647faaba4888312fb3df6.dwg,Layout2,18.08.2026 14:52:53,makeden,AutoCAD PDF (General Documentation).pc3,ISO A4 (210.00 x 297.00 мм),1:1,
E:\Temp\temp_8c0106750ca942d088c8f37152c4615f.dwg,Layout1,18.08.2026 16:05:41,makeden,AutoCAD PDF (General Documentation).pc3,Прежний размер листа (841.00 x 297.00 мм),1:1,
E:\Temp\temp_8c0106750ca942d088c8f37152c4615f.dwg,Layout2,18.08.2026 16:05:43,makeden,AutoCAD PDF (General Documentation).pc3,ISO A4 (210.00 x 297.00 мм),1:1,
E:\Temp\temp_992bd891dbb14ade8e1569bb380db413.dwg,Layout1,18.08.2026 16:26:55,makeden,AutoCAD PDF (General Documentation).pc3,Прежний размер листа (841.00 x 297.00 мм),1:1,
E:\Temp\temp_992bd891dbb14ade8e1569bb380db413.dwg,Layout2,18.08.2026 16:26:56,makeden,AutoCAD PDF (General Documentation).pc3,ISO A4 (210.00 x 297.00 мм),1:1,
E:\Temp\temp_8e114b579f724d89ab1e65ae62db08c4.dwg,1,18.08.2026 16:28:25,makeden,AutoCAD PDF (General Documentation).pc3,Прежний размер листа (1783.00 x 420.00 мм),1:1,
E:\Temp\temp_8e114b579f724d89ab1e65ae62db08c4.dwg,2,18.08.2026 16:28:25,makeden,AutoCAD PDF (General Documentation).pc3,Прежний размер листа (1189.00 x 420.00 мм),1:1,
E:\Temp\temp_8e114b579f724d89ab1e65ae62db08c4.dwg,3,18.08.2026 16:28:25,makeden,AutoCAD PDF (General Documentation).pc3,Прежний размер листа (1486.00 x 420.00 мм),1:1,
E:\Temp\temp_8e114b579f724d89ab1e65ae62db08c4.dwg,4,18.08.2026 16:28:26,makeden,AutoCAD PDF (General Documentation).pc3,Прежний размер листа (1783.00 x 420.00 мм),1:1,
E:\Temp\temp_8e114b579f724d89ab1e65ae62db08c4.dwg,5,18.08.2026 16:28:26,makeden,AutoCAD PDF (General Documentation).pc3,ISO без полей A2 (594.00 x 420.00 мм),1:1,
E:\Temp\temp_8e114b579f724d89ab1e65ae62db08c4.dwg,6,18.08.2026 16:28:26,makeden,AutoCAD PDF (General Documentation).pc3,Прежний размер листа (1783.00 x 420.00 мм),1:1,
E:\Temp\temp_8e114b579f724d89ab1e65ae62db08c4.dwg,7,18.08.2026 16:28:27,makeden,AutoCAD PDF (General Documentation).pc3,Прежний размер листа (1783.00 x 420.00 мм),1:1,
E:\Temp\temp_8e114b579f724d89ab1e65ae62db08c4.dwg,8,18.08.2026 16:28:27,makeden,AutoCAD PDF (General Documentation).pc3,Прежний размер листа (1783.00 x 420.00 мм),1:1,
E:\Temp\temp_8e114b579f724d89ab1e65ae62db08c4.dwg,9,18.08.2026 16:28:27,makeden,AutoCAD PDF (General Documentation).pc3,Прежний размер листа (1189.00 x 420.00 мм),1:1,
E:\Temp\temp_8e114b579f724d89ab1e65ae62db08c4.dwg,10,18.08.2026 16:28:28,makeden,AutoCAD PDF (General Documentation).pc3,Прежний размер листа (1783.00 x 420.00 мм),1:1,
E:\Temp\temp_8e114b579f724d89ab1e65ae62db08c4.dwg,11,18.08.2026 16:28:28,makeden,AutoCAD PDF (General Documentation).pc3,Прежний размер листа (1783.00 x 420.00 мм),1:1,
E:\Temp\temp_8e114b579f724d89ab1e65ae62db08c4.dwg,12,18.08.2026 16:28:28,makeden,AutoCAD PDF (General Documentation).pc3,Прежний размер листа (1189.00 x 420.00 мм),1:1,
E:\Temp\temp_dbf3ea03b23942518e9b99305f21a2a1.dwg,1,18.08.2026 16:38:40,makeden,AutoCAD PDF (General Documentation).pc3,Прежний размер листа (1783.00 x 420.00 мм),1:1,
E:\Temp\temp_dbf3ea03b23942518e9b99305f21a2a1.dwg,2,18.08.2026 16:38:40,makeden,AutoCAD PDF (General Documentation).pc3,Прежний размер листа (1189.00 x 420.00 мм),1:1,
E:\Temp\temp_dbf3ea03b23942518e9b99305f21a2a1.dwg,3,18.08.2026 16:38:40,makeden,AutoCAD PDF (General Documentation).pc3,Прежний размер листа (1486.00 x 420.00 мм),1:1,
E:\Temp\temp_dbf3ea03b23942518e9b99305f21a2a1.dwg,4,18.08.2026 16:38:41,makeden,AutoCAD PDF (General Documentation).pc3,Прежний размер листа (1783.00 x 420.00 мм),1:1,
E:\Temp\temp_dbf3ea03b23942518e9b99305f21a2a1.dwg,5,18.08.2026 16:38:41,makeden,AutoCAD PDF (General Documentation).pc3,ISO без полей A2 (594.00 x 420.00 мм),1:1,
E:\Temp\temp_dbf3ea03b23942518e9b99305f21a2a1.dwg,6,18.08.2026 16:38:41,makeden,AutoCAD PDF (General Documentation).pc3,Прежний размер листа (1783.00 x 420.00 мм),1:1,
E:\Temp\temp_dbf3ea03b23942518e9b99305f21a2a1.dwg,7,18.08.2026 16:38:42,makeden,AutoCAD PDF (General Documentation).pc3,Прежний размер листа (1783.00 x 420.00 мм),1:1,
E:\Temp\temp_dbf3ea03b23942518e9b99305f21a2a1.dwg,8,18.08.2026 16:38:42,makeden,AutoCAD PDF (General Documentation).pc3,Прежний размер листа (1783.00 x 420.00 мм),1:1,
E:\Temp\temp_dbf3ea03b23942518e9b99305f21a2a1.dwg,9,18.08.2026 16:38:42,makeden,AutoCAD PDF (General Documentation).pc3,Прежний размер листа (1189.00 x 420.00 мм),1:1,
E:\Temp\temp_dbf3ea03b23942518e9b99305f21a2a1.dwg,10,18.08.2026 16:38:43,makeden,AutoCAD PDF (General Documentation).pc3,Прежний размер листа (1783.00 x 420.00 мм),1:1,
E:\Temp\temp_dbf3ea03b23942518e9b99305f21a2a1.dwg,11,18.08.2026 16:38:43,makeden,AutoCAD PDF (General Documentation).pc3,Прежний размер листа (1783.00 x 420.00 мм),1:1,
E:\Temp\temp_dbf3ea03b23942518e9b99305f21a2a1.dwg,12,18.08.2026 16:38:43,makeden,AutoCAD PDF (General Documentation).pc3,Прежний размер листа (1189.00 x 420.00 мм),1:1,
E:\Temp\temp_0e4acffc66724302b35d0679ccc62cfe.dwg,1,18.08.2026 16:42:14,makeden,AutoCAD PDF (General Documentation).pc3,Прежний размер листа (1783.00 x 420.00 мм),1:1,
E:\Temp\temp_0e4acffc66724302b35d0679ccc62cfe.dwg,2,18.08.2026 16:42:14,makeden,AutoCAD PDF (General Documentation).pc3,Прежний размер листа (1189.00 x 420.00 мм),1:1,
E:\Temp\temp_0e4acffc66724302b35d0679ccc62cfe.dwg,3,18.08.2026 16:42:15,makeden,AutoCAD PDF (General Documentation).pc3,Прежний размер листа (1486.00 x 420.00 мм),1:1,
E:\Temp\temp_0e4acffc66724302b35d0679ccc62cfe.dwg,4,18.08.2026 16:42:15,makeden,AutoCAD PDF (General Documentation).pc3,Прежний размер листа (1783.00 x 420.00 мм),1:1,
E:\Temp\temp_0e4acffc66724302b35d0679ccc62cfe.dwg,5,18.08.2026 16:42:15,makeden,AutoCAD PDF (General Documentation).pc3,ISO без полей A2 (594.00 x 420.00 мм),1:1,
E:\Temp\temp_0e4acffc66724302b35d0679ccc62cfe.dwg,6,18.08.2026 16:42:16,makeden,AutoCAD PDF (General Documentation).pc3,Прежний размер листа (1783.00 x 420.00 мм),1:1,
E:\Temp\temp_0e4acffc66724302b35d0679ccc62cfe.dwg,7,18.08.2026 16:42:16,makeden,AutoCAD PDF (General Documentation).pc3,Прежний размер листа (1783.00 x 420.00 мм),1:1,
E:\Temp\temp_0e4acffc66724302b35d0679ccc62cfe.dwg,8,18.08.2026 16:42:16,makeden,AutoCAD PDF (General Documentation).pc3,Прежний размер листа (1783.00 x 420.00 мм),1:1,
E:\Temp\temp_0e4acffc66724302b35d0679ccc62cfe.dwg,9,18.08.2026 16:42:17,makeden,AutoCAD PDF (General Documentation).pc3,Прежний размер листа (1189.00 x 420.00 мм),1:1,
E:\Temp\temp_0e4acffc66724302b35d0679ccc62cfe.dwg,10,18.08.2026 16:42:17,makeden,AutoCAD PDF (General Documentation).pc3,Прежний размер листа (1783.00 x 420.00 мм),1:1,
E:\Temp\temp_0e4acffc66724302b35d0679ccc62cfe.dwg,11,18.08.2026 16:42:17,makeden,AutoCAD PDF (General Documentation).pc3,Прежний размер листа (1783.00 x 420.00 мм),1:1,
E:\Temp\temp_0e4acffc66724302b35d0679ccc62cfe.dwg,12,18.08.2026 16:42:18,makeden,AutoCAD PDF (General Documentation).pc3,Прежний размер листа (1189.00 x 420.00 мм),1:1,
E:\Temp\temp_16d388e4a40d4f13af2ad906363821f7.dwg,1,18.08.2026 16:43:06,makeden,AutoCAD PDF (General Documentation).pc3,Прежний размер листа (1783.00 x 420.00 мм),1:1,
E:\Temp\temp_16d388e4a40d4f13af2ad906363821f7.dwg,2,18.08.2026 16:43:07,makeden,AutoCAD PDF (General Documentation).pc3,Прежний размер листа (1189.00 x 420.00 мм),1:1,
E:\Temp\temp_16d388e4a40d4f13af2ad906363821f7.dwg,3,18.08.2026 16:43:07,makeden,AutoCAD PDF (General Documentation).pc3,Прежний размер листа (1486.00 x 420.00 мм),1:1,
E:\Temp\temp_16d388e4a40d4f13af2ad906363821f7.dwg,4,18.08.2026 16:43:07,makeden,AutoCAD PDF (General Documentation).pc3,Прежний размер листа (1783.00 x 420.00 мм),1:1,
E:\Temp\temp_16d388e4a40d4f13af2ad906363821f7.dwg,5,18.08.2026 16:43:08,makeden,AutoCAD PDF (General Documentation).pc3,ISO без полей A2 (594.00 x 420.00 мм),1:1,
E:\Temp\temp_16d388e4a40d4f13af2ad906363821f7.dwg,6,18.08.2026 16:43:08,makeden,AutoCAD PDF (General Documentation).pc3,Прежний размер листа (1783.00 x 420.00 мм),1:1,
E:\Temp\temp_16d388e4a40d4f13af2ad906363821f7.dwg,7,18.08.2026 16:43:08,makeden,AutoCAD PDF (General Documentation).pc3,Прежний размер листа (1783.00 x 420.00 мм),1:1,
E:\Temp\temp_16d388e4a40d4f13af2ad906363821f7.dwg,8,18.08.2026 16:43:09,makeden,AutoCAD PDF (General Documentation).pc3,Прежний размер листа (1783.00 x 420.00 мм),1:1,
E:\Temp\temp_16d388e4a40d4f13af2ad906363821f7.dwg,9,18.08.2026 16:43:09,makeden,AutoCAD PDF (General Documentation).pc3,Прежний размер листа (1189.00 x 420.00 мм),1:1,
E:\Temp\temp_16d388e4a40d4f13af2ad906363821f7.dwg,10,18.08.2026 16:43:09,makeden,AutoCAD PDF (General Documentation).pc3,Прежний размер листа (1783.00 x 420.00 мм),1:1,
E:\Temp\temp_16d388e4a40d4f13af2ad906363821f7.dwg,11,18.08.2026 16:43:10,makeden,AutoCAD PDF (General Documentation).pc3,Прежний размер листа (1783.00 x 420.00 мм),1:1,
E:\Temp\temp_16d388e4a40d4f13af2ad906363821f7.dwg,12,18.08.2026 16:43:10,makeden,AutoCAD PDF (General Documentation).pc3,Прежний размер листа (1189.00 x 420.00 мм),1:1,
\\192.168.88.14\share_test\01ГЧ1 — копия\11-2025-1-АД.1.1-02_План.dwg,1,19.08.2026 11:08:37,makeden,AutoCAD PDF (General Documentation).pc3,Прежний размер листа (1783.00 x 420.00 мм),1:1,
\\192.168.88.14\share_test\01ГЧ1 — копия\11-2025-1-АД.1.1-02_План.dwg,2,19.08.2026 11:10:11,makeden,AutoCAD PDF (General Documentation).pc3,Прежний размер листа (1189.00 x 420.00 мм),1:1,
\\192.168.88.14\share_test\01ГЧ1 — копия\11-2025-1-АД.1.1-02_План.dwg,3,19.08.2026 11:11:46,makeden,AutoCAD PDF (General Documentation).pc3,Прежний размер листа (1486.00 x 420.00 мм),1:1,
\\192.168.88.14\share_test\01ГЧ1 — копия\11-2025-1-АД.1.1-02_План.dwg,4,19.08.2026 11:13:38,makeden,AutoCAD PDF (General Documentation).pc3,Прежний размер листа (1783.00 x 420.00 мм),1:1,
\\192.168.88.14\share_test\01ГЧ1 — копия\11-2025-1-АД.1.1-02_План.dwg,5,19.08.2026 11:15:30,makeden,AutoCAD PDF (General Documentation).pc3,ISO без полей A2 (594.00 x 420.00 мм),1:1,
\\192.168.88.14\share_test\01ГЧ1 — копия\11-2025-1-АД.1.1-02_План.dwg,6,19.08.2026 11:17:09,makeden,AutoCAD PDF (General Documentation).pc3,Прежний размер листа (1783.00 x 420.00 мм),1:1,
\\192.168.88.14\share_test\01ГЧ1 — копия\11-2025-1-АД.1.1-02_План.dwg,7,19.08.2026 11:19:02,makeden,AutoCAD PDF (General Documentation).pc3,Прежний размер листа (1783.00 x 420.00 мм),1:1,
\\192.168.88.14\share_test\01ГЧ1 — копия\11-2025-1-АД.1.1-02_План.dwg,8,19.08.2026 11:20:37,makeden,AutoCAD PDF (General Documentation).pc3,Прежний размер листа (1783.00 x 420.00 мм),1:1,
\\192.168.88.14\share_test\01ГЧ1 — копия\11-2025-1-АД.1.1-02_План.dwg,9,19.08.2026 11:22:14,makeden,AutoCAD PDF (General Documentation).pc3,Прежний размер листа (1189.00 x 420.00 мм),1:1,
\\192.168.88.14\share_test\01ГЧ1 — копия\11-2025-1-АД.1.1-02_План.dwg,10,19.08.2026 11:24:01,makeden,AutoCAD PDF (General Documentation).pc3,Прежний размер листа (1783.00 x 420.00 мм),1:1,
\\192.168.88.14\share_test\01ГЧ1 — копия\11-2025-1-АД.1.1-02_План.dwg,11,19.08.2026 11:25:45,makeden,AutoCAD PDF (General Documentation).pc3,Прежний размер листа (1783.00 x 420.00 мм),1:1,
\\192.168.88.14\share_test\01ГЧ1 — копия\11-2025-1-АД.1.1-02_План.dwg,12,19.08.2026 11:27:37,makeden,AutoCAD PDF (General Documentation).pc3,Прежний размер листа (1189.00 x 420.00 мм),1:1,
\\192.168.88.14\share_test\2 этап ПК240-ПК270_14.08.dwg,1,20.08.2026 13:10:33,makeden,AutoCAD PDF (General Documentation).pc3,Прежний размер листа (420.00 x 297.00 Пикселы),1:1,
\\192.168.88.14\share_test\2 этап ПК240-ПК270_14.08.dwg,2,20.08.2026 13:10:44,makeden,AutoCAD PDF (General Documentation).pc3,Прежний размер листа (420.00 x 297.00 Пикселы),1:1,
\\192.168.88.14\share_test\2 этап ПК240-ПК270_14.08.dwg,3,20.08.2026 13:10:54,makeden,AutoCAD PDF (General Documentation).pc3,Прежний размер листа (420.00 x 297.00 Пикселы),1:1,
\\192.168.88.14\share_test\2 этап ПК240-ПК270_14.08.dwg,4,20.08.2026 13:11:03,makeden,AutoCAD PDF (General Documentation).pc3,Прежний размер листа (420.00 x 297.00 Пикселы),1:1,
\\192.168.88.14\share_test\2 этап ПК240-ПК270_14.08.dwg,5,20.08.2026 13:11:13,makeden,AutoCAD PDF (General Documentation).pc3,Прежний размер листа (420.00 x 297.00 Пикселы),1:1,
\\192.168.88.14\share_test\2 этап ПК240-ПК270_14.08.dwg,6,20.08.2026 13:11:22,makeden,AutoCAD PDF (General Documentation).pc3,Прежний размер листа (840.00 x 297.00 Пикселы),1:1,
\\192.168.88.14\share_test\2 этап ПК240-ПК270_14.08.dwg,7,20.08.2026 13:11:31,makeden,AutoCAD PDF (General Documentation).pc3,Прежний размер листа (840.00 x 297.00 Пикселы),1:1,
\\192.168.88.14\share_test\2 этап ПК240-ПК270_14.08.dwg,8,20.08.2026 13:11:44,makeden,AutoCAD PDF (General Documentation).pc3,Прежний размер листа (840.00 x 297.00 Пикселы),1:1,
\\192.168.88.14\share_test\2 этап ПК240-ПК270_14.08.dwg,9,20.08.2026 13:11:54,makeden,AutoCAD PDF (General Documentation).pc3,Прежний размер листа (420.00 x 297.00 Пикселы),1:1,
\\192.168.88.14\share_test\2 этап ПК240-ПК270_14.08.dwg,10,20.08.2026 13:12:07,makeden,AutoCAD PDF (General Documentation).pc3,Прежний размер листа (420.00 x 297.00 Пикселы),1:1,
\\192.168.88.14\share_test\2 этап ПК240-ПК270_14.08.dwg,11,20.08.2026 13:12:20,makeden,AutoCAD PDF (General Documentation).pc3,Прежний размер листа (420.00 x 297.00 Пикселы),1:1,
\\192.168.88.14\share_test\2 этап ПК240-ПК270_14.08.dwg,12,20.08.2026 13:12:29,makeden,AutoCAD PDF (General Documentation).pc3,Прежний размер листа (420.00 x 297.00 Пикселы),1:1,
\\192.168.88.14\share_test\2 этап ПК240-ПК270_14.08.dwg,13,20.08.2026 13:12:38,makeden,AutoCAD PDF (General Documentation).pc3,Прежний размер листа (420.00 x 297.00 Пикселы),1:1,
\\192.168.88.14\share_test\2 этап ПК240-ПК270_14.08.dwg,14,20.08.2026 13:12:49,makeden,AutoCAD PDF (General Documentation).pc3,Прежний размер листа (420.00 x 297.00 Пикселы),1:1,
\\192.168.88.14\share_test\2 этап ПК240-ПК270_14.08.dwg,15,20.08.2026 13:13:04,makeden,AutoCAD PDF (General Documentation).pc3,Прежний размер листа (840.00 x 297.00 Пикселы),1:1,
\\192.168.88.14\share_test\2 этап ПК240-ПК270_14.08.dwg,16,20.08.2026 13:13:13,makeden,AutoCAD PDF (General Documentation).pc3,Прежний размер листа (840.00 x 297.00 Пикселы),1:1,
\\192.168.88.14\share_test\2 этап ПК240-ПК270_14.08.dwg,17,20.08.2026 13:13:23,makeden,AutoCAD PDF (General Documentation).pc3,Прежний размер листа (840.00 x 297.00 Пикселы),1:1,
\\192.168.88.14\share_test\2 этап ПК240-ПК270_14.08.dwg,18,20.08.2026 13:13:31,makeden,AutoCAD PDF (General Documentation).pc3,Прежний размер листа (420.00 x 297.00 Пикселы),1:1,
\\192.168.88.14\share_test\2 этап ПК240-ПК270_14.08.dwg,19,20.08.2026 13:13:41,makeden,AutoCAD PDF (General Documentation).pc3,Прежний размер листа (420.00 x 297.00 Пикселы),1:1,
\\192.168.88.14\share_test\2 этап ПК240-ПК270_14.08.dwg,20,20.08.2026 13:13:50,makeden,AutoCAD PDF (General Documentation).pc3,Прежний размер листа (420.00 x 297.00 Пикселы),1:1,
\\192.168.88.14\share_test\2 этап ПК240-ПК270_14.08.dwg,21,20.08.2026 13:14:04,makeden,AutoCAD PDF (General Documentation).pc3,Прежний размер листа (420.00 x 297.00 Пикселы),1:1,
\\192.168.88.14\share_test\2 этап ПК240-ПК270_14.08.dwg,22,20.08.2026 13:14:14,makeden,AutoCAD PDF (General Documentation).pc3,Прежний размер листа (420.00 x 297.00 Пикселы),1:1,
\\192.168.88.14\share_test\2 этап ПК240-ПК270_14.08.dwg,23,20.08.2026 13:14:24,makeden,AutoCAD PDF (General Documentation).pc3,Прежний размер листа (420.00 x 297.00 Пикселы),1:1,
\\192.168.88.14\share_test\2 этап ПК240-ПК270_14.08.dwg,24,20.08.2026 13:14:33,makeden,AutoCAD PDF (General Documentation).pc3,Прежний размер листа (420.00 x 297.00 Пикселы),1:1,
\\192.168.88.14\share_test\2 этап ПК240-ПК270_14.08.dwg,25,20.08.2026 13:14:44,makeden,AutoCAD PDF (General Documentation).pc3,Прежний размер листа (420.00 x 297.00 Пикселы),1:1,
\\192.168.88.14\share_test\2 этап ПК240-ПК270_14.08.dwg,26,20.08.2026 13:14:55,makeden,AutoCAD PDF (General Documentation).pc3,Прежний размер листа (420.00 x 297.00 Пикселы),1:1,
\\192.168.88.14\share_test\2 этап ПК240-ПК270_14.08.dwg,27,20.08.2026 13:15:04,makeden,AutoCAD PDF (General Documentation).pc3,Прежний размер листа (420.00 x 297.00 Пикселы),1:1,
\\192.168.88.14\share_test\2 этап ПК240-ПК270_14.08.dwg,28,20.08.2026 13:15:14,makeden,AutoCAD PDF (General Documentation).pc3,Прежний размер листа (420.00 x 297.00 Пикселы),1:1,
\\192.168.88.14\share_test\2 этап ПК240-ПК270_14.08.dwg,29,20.08.2026 13:15:22,makeden,AutoCAD PDF (General Documentation).pc3,Прежний размер листа (420.00 x 297.00 Пикселы),1:1,
\\192.168.88.14\share_test\2 этап ПК240-ПК270_14.08.dwg,30,20.08.2026 13:15:30,makeden,AutoCAD PDF (General Documentation).pc3,Прежний размер листа (420.00 x 297.00 Пикселы),1:1,
\\192.168.88.14\share_test\2 этап ПК240-ПК270_14.08.dwg,31,20.08.2026 13:15:36,makeden,AutoCAD PDF (General Documentation).pc3,Прежний размер листа (420.00 x 297.00 Пикселы),1:1,
\\192.168.88.14\share_test\2 этап ПК240-ПК270_14.08.dwg,32,20.08.2026 13:15:44,makeden,AutoCAD PDF (General Documentation).pc3,Прежний размер листа (420.00 x 297.00 Пикселы),1:1,
\\192.168.88.14\share_test\2 этап ПК240-ПК270_14.08.dwg,33,20.08.2026 13:15:51,makeden,AutoCAD PDF (General Documentation).pc3,Прежний размер листа (420.00 x 297.00 Пикселы),1:1,
\\192.168.88.14\share_test\2 этап ПК240-ПК270_14.08.dwg,34,20.08.2026 13:15:58,makeden,AutoCAD PDF (General Documentation).pc3,Прежний размер листа (420.00 x 297.00 Пикселы),1:1,
\\192.168.88.14\share_test\2 этап ПК240-ПК270_14.08.dwg,35,20.08.2026 13:16:06,makeden,AutoCAD PDF (General Documentation).pc3,Прежний размер листа (420.00 x 297.00 Пикселы),1:1,
\\192.168.88.14\share_test\2 этап ПК240-ПК270_14.08.dwg,36,20.08.2026 13:16:13,makeden,AutoCAD PDF (General Documentation).pc3,Прежний размер листа (420.00 x 297.00 Пикселы),1:1,
\\192.168.88.14\share_test\2 этап ПК240-ПК270_14.08.dwg,37,20.08.2026 13:16:20,makeden,AutoCAD PDF (General Documentation).pc3,Прежний размер листа (420.00 x 297.00 Пикселы),1:1,
\\192.168.88.14\share_test\2 этап ПК240-ПК270_14.08.dwg,38,20.08.2026 13:16:27,makeden,AutoCAD PDF (General Documentation).pc3,Прежний размер листа (420.00 x 297.00 Пикселы),1:1,
\\192.168.88.14\share_test\2 этап ПК240-ПК270_14.08.dwg,39,20.08.2026 13:16:34,makeden,AutoCAD PDF (General Documentation).pc3,Прежний размер листа (420.00 x 297.00 Пикселы),1:1,
\\192.168.88.14\share_test\2 этап ПК240-ПК270_14.08.dwg,40,20.08.2026 13:16:41,makeden,AutoCAD PDF (General Documentation).pc3,Прежний размер листа (420.00 x 297.00 Пикселы),1:1,
\\192.168.88.14\share_test\2 этап ПК240-ПК270_14.08.dwg,41,20.08.2026 13:16:49,makeden,AutoCAD PDF (General Documentation).pc3,Прежний размер листа (420.00 x 297.00 Пикселы),1:1,
\\192.168.88.14\share_test\2 этап ПК240-ПК270_14.08.dwg,42,20.08.2026 13:16:56,makeden,AutoCAD PDF (General Documentation).pc3,Прежний размер листа (420.00 x 297.00 Пикселы),1:1,
\\192.168.88.14\share_test\2 этап ПК240-ПК270_14.08.dwg,43,20.08.2026 13:17:04,makeden,AutoCAD PDF (General Documentation).pc3,Прежний размер листа (420.00 x 297.00 Пикселы),1:1,
\\192.168.88.14\share_test\2 этап ПК240-ПК270_14.08.dwg,44,20.08.2026 13:17:10,makeden,AutoCAD PDF (General Documentation).pc3,Прежний размер листа (420.00 x 297.00 Пикселы),1:1,
\\192.168.88.14\share_test\2 этап ПК240-ПК270_14.08.dwg,45,20.08.2026 13:17:18,makeden,AutoCAD PDF (General Documentation).pc3,Прежний размер листа (420.00 x 297.00 Пикселы),1:1,
\\192.168.88.14\share_test\2 этап ПК240-ПК270_14.08.dwg,46,20.08.2026 13:17:25,makeden,AutoCAD PDF (General Documentation).pc3,Прежний размер листа (420.00 x 297.00 Пикселы),1:1,
\\192.168.88.14\share_test\2 этап ПК240-ПК270_14.08.dwg,47,20.08.2026 13:17:32,makeden,AutoCAD PDF (General Documentation).pc3,Прежний размер листа (420.00 x 297.00 Пикселы),1:1,
\\192.168.88.14\share_test\2 этап ПК240-ПК270_14.08.dwg,48,20.08.2026 13:17:40,makeden,AutoCAD PDF (General Documentation).pc3,Прежний размер листа (420.00 x 297.00 Пикселы),1:1,
\\192.168.88.14\share_test\2 этап ПК240-ПК270_14.08.dwg,49,20.08.2026 13:17:47,makeden,AutoCAD PDF (General Documentation).pc3,Прежний размер листа (420.00 x 297.00 Пикселы),1:1,
\\192.168.88.14\share_test\2 этап ПК240-ПК270_14.08.dwg,50,20.08.2026 13:17:54,makeden,AutoCAD PDF (General Documentation).pc3,Прежний размер листа (420.00 x 297.00 Пикселы),1:1,
\\192.168.88.14\share_test\2 этап ПК240-ПК270_14.08.dwg,51,20.08.2026 13:18:01,makeden,AutoCAD PDF (General Documentation).pc3,Прежний размер листа (420.00 x 297.00 Пикселы),1:1,
\\192.168.88.14\share_test\2 этап ПК240-ПК270_14.08.dwg,52,20.08.2026 13:18:08,makeden,AutoCAD PDF (General Documentation).pc3,Прежний размер листа (420.00 x 297.00 Пикселы),1:1,
\\192.168.88.14\share_test\2 этап ПК240-ПК270_14.08.dwg,53,20.08.2026 13:18:16,makeden,AutoCAD PDF (General Documentation).pc3,Прежний размер листа (840.00 x 297.00 Пикселы),1:1,
\\192.168.88.14\share_test\2 этап ПК240-ПК270_14.08.dwg,54,20.08.2026 13:18:23,makeden,AutoCAD PDF (General Documentation).pc3,Прежний размер листа (840.00 x 297.00 Пикселы),1:1,
\\192.168.88.14\share_test\2 этап ПК240-ПК270_14.08.dwg,55,20.08.2026 13:18:31,makeden,AutoCAD PDF (General Documentation).pc3,Прежний размер листа (840.00 x 297.00 Пикселы),1:1,
\\192.168.88.14\share_test\2 этап ПК240-ПК270_14.08.dwg,56,20.08.2026 13:18:38,makeden,AutoCAD PDF (General Documentation).pc3,Прежний размер листа (840.00 x 297.00 Пикселы),1:1,
\\192.168.88.14\share_test\2 этап ПК240-ПК270_14.08.dwg,57,20.08.2026 13:18:46,makeden,AutoCAD PDF (General Documentation).pc3,Прежний размер листа (840.00 x 297.00 Пикселы),1:1,
\\192.168.88.14\share_test\2 этап ПК240-ПК270_14.08.dwg,58,20.08.2026 13:18:53,makeden,AutoCAD PDF (General Documentation).pc3,Прежний размер листа (840.00 x 297.00 Пикселы),1:1,
\\192.168.88.14\share_test\2 этап ПК240-ПК270_14.08.dwg,59,20.08.2026 13:19:01,makeden,AutoCAD PDF (General Documentation).pc3,Прежний размер листа (840.00 x 297.00 Пикселы),1:1,
\\192.168.88.14\share_test\2 этап ПК240-ПК270_14.08.dwg,60,20.08.2026 13:19:08,makeden,AutoCAD PDF (General Documentation).pc3,Прежний размер листа (840.00 x 297.00 Пикселы),1:1,
\\192.168.88.14\share_test\2 этап ПК240-ПК270_14.08.dwg,61,20.08.2026 13:19:16,makeden,AutoCAD PDF (General Documentation).pc3,Прежний размер листа (840.00 x 297.00 Пикселы),1:1,
\\192.168.88.14\share_test\2 этап ПК240-ПК270_14.08.dwg,62,20.08.2026 13:19:23,makeden,AutoCAD PDF (General Documentation).pc3,Прежний размер листа (840.00 x 297.00 Пикселы),1:1,
\\192.168.88.14\share_test\2 этап ПК240-ПК270_14.08.dwg,63,20.08.2026 13:19:31,makeden,AutoCAD PDF (General Documentation).pc3,Прежний размер листа (420.00 x 297.00 Пикселы),1:1,
\\192.168.88.14\share_test\2 этап ПК240-ПК270_14.08.dwg,64,20.08.2026 13:19:38,makeden,AutoCAD PDF (General Documentation).pc3,Прежний размер листа (420.00 x 297.00 Пикселы),1:1,
\\192.168.88.14\share_test\2 этап ПК240-ПК270_14.08.dwg,65,20.08.2026 13:19:46,makeden,AutoCAD PDF (General Documentation).pc3,Прежний размер листа (420.00 x 297.00 Пикселы),1:1,
\\192.168.88.14\share_test\2 этап ПК240-ПК270_14.08.dwg,66,20.08.2026 13:19:53,makeden,AutoCAD PDF (General Documentation).pc3,Прежний размер листа (420.00 x 297.00 Пикселы),1:1,
\\192.168.88.14\share_test\2 этап ПК240-ПК270_14.08.dwg,67,20.08.2026 13:20:01,makeden,AutoCAD PDF (General Documentation).pc3,Прежний размер листа (420.00 x 297.00 Пикселы),1:1,
\\192.168.88.14\share_test\2 этап ПК240-ПК270_14.08.dwg,68,20.08.2026 13:20:08,makeden,AutoCAD PDF (General Documentation).pc3,Прежний размер листа (420.00 x 297.00 Пикселы),1:1,
\\192.168.88.14\share_test\2 этап ПК240-ПК270_14.08.dwg,69,20.08.2026 13:20:16,makeden,AutoCAD PDF (General Documentation).pc3,Прежний размер листа (420.00 x 297.00 Пикселы),1:1,
\\192.168.88.14\share_test\2 этап ПК240-ПК270_14.08.dwg,70,20.08.2026 13:20:23,makeden,AutoCAD PDF (General Documentation).pc3,Прежний размер листа (420.00 x 297.00 Пикселы),1:1,
\\192.168.88.14\share_test\2 этап ПК240-ПК270_14.08.dwg,71,20.08.2026 13:20:31,makeden,AutoCAD PDF (General Documentation).pc3,Прежний размер листа (420.00 x 297.00 Пикселы),1:1,
\\192.168.88.14\share_test\2 этап ПК240-ПК270_14.08.dwg,72,20.08.2026 13:20:38,makeden,AutoCAD PDF (General Documentation).pc3,Прежний размер листа (420.00 x 297.00 Пикселы),1:1,
\\192.168.88.14\share_test\2 этап ПК240-ПК270_14.08.dwg,73,20.08.2026 13:20:47,makeden,AutoCAD PDF (General Documentation).pc3,Прежний размер листа (840.00 x 297.00 Пикселы),1:1,
\\192.168.88.14\share_test\2 этап ПК240-ПК270_14.08.dwg,74,20.08.2026 13:20:54,makeden,AutoCAD PDF (General Documentation).pc3,Прежний размер листа (420.00 x 297.00 Пикселы),1:1,
\\192.168.88.14\share_test\2 этап ПК240-ПК270_14.08.dwg,75,20.08.2026 13:21:02,makeden,AutoCAD PDF (General Documentation).pc3,Прежний размер листа (420.00 x 297.00 Пикселы),1:1,
\\192.168.88.14\share_test\2 этап ПК240-ПК270_14.08.dwg,76,20.08.2026 13:21:09,makeden,AutoCAD PDF (General Documentation).pc3,Прежний размер листа (420.00 x 297.00 Пикселы),1:1,
\\192.168.88.14\share_test\2 этап ПК240-ПК270_14.08.dwg,77,20.08.2026 13:21:17,makeden,AutoCAD PDF (General Documentation).pc3,Прежний размер листа (420.00 x 297.00 Пикселы),1:1,
\\192.168.88.14\share_test\2 этап ПК240-ПК270_14.08.dwg,78,20.08.2026 13:21:24,makeden,AutoCAD PDF (General Documentation).pc3,Прежний размер листа (420.00 x 297.00 Пикселы),1:1,
\\192.168.88.14\share_test\2 этап ПК240-ПК270_14.08.dwg,79,20.08.2026 13:21:31,makeden,AutoCAD PDF (General Documentation).pc3,Прежний размер листа (420.00 x 297.00 Пикселы),1:1,
\\192.168.88.14\share_test\2 этап ПК240-ПК270_14.08.dwg,80,20.08.2026 13:21:39,makeden,AutoCAD PDF (General Documentation).pc3,Прежний размер листа (420.00 x 297.00 Пикселы),1:1,
\\192.168.88.14\share_test\2 этап ПК240-ПК270_14.08.dwg,81,20.08.2026 13:21:46,makeden,AutoCAD PDF (General Documentation).pc3,Прежний размер листа (420.00 x 297.00 Пикселы),1:1,
\\192.168.88.14\share_test\2 этап ПК240-ПК270_14.08.dwg,82,20.08.2026 13:21:53,makeden,AutoCAD PDF (General Documentation).pc3,Прежний размер листа (420.00 x 297.00 Пикселы),1:1,
\\192.168.88.14\share_test\2 этап ПК240-ПК270_14.08.dwg,83,20.08.2026 13:22:01,makeden,AutoCAD PDF (General Documentation).pc3,Прежний размер листа (420.00 x 297.00 Пикселы),1:1,
\\192.168.88.14\share_test\2 этап ПК240-ПК270_14.08.dwg,84,20.08.2026 13:22:07,makeden,AutoCAD PDF (General Documentation).pc3,Прежний размер листа (420.00 x 297.00 Пикселы),1:1,
\\192.168.88.14\share_test\2 этап ПК240-ПК270_14.08.dwg,85,20.08.2026 13:22:15,makeden,AutoCAD PDF (General Documentation).pc3,Прежний размер листа (420.00 x 297.00 Пикселы),1:1,
\\192.168.88.14\share_test\2 этап ПК240-ПК270_14.08.dwg,86,20.08.2026 13:22:22,makeden,AutoCAD PDF (General Documentation).pc3,Прежний размер листа (420.00 x 297.00 Пикселы),1:1,
\\192.168.88.14\share_test\2 этап ПК240-ПК270_14.08.dwg,87,20.08.2026 13:22:29,makeden,AutoCAD PDF (General Documentation).pc3,Прежний размер листа (420.00 x 297.00 Пикселы),1:1,
\\192.168.88.14\share_test\2 этап ПК240-ПК270_14.08.dwg,88,20.08.2026 13:22:37,makeden,AutoCAD PDF (General Documentation).pc3,Прежний размер листа (420.00 x 297.00 Пикселы),1:1,
\\192.168.88.14\share_test\2 этап ПК240-ПК270_14.08.dwg,89,20.08.2026 13:22:43,makeden,AutoCAD PDF (General Documentation).pc3,Прежний размер листа (420.00 x 297.00 Пикселы),1:1,
\\192.168.88.14\share_test\2 этап ПК240-ПК270_14.08.dwg,90,20.08.2026 13:22:51,makeden,AutoCAD PDF (General Documentation).pc3,Прежний размер листа (420.00 x 297.00 Пикселы),1:1,
\\192.168.88.14\share_test\2 этап ПК240-ПК270_14.08.dwg,91,20.08.2026 13:22:58,makeden,AutoCAD PDF (General Documentation).pc3,Прежний размер листа (420.00 x 297.00 Пикселы),1:1,
\\192.168.88.14\share_test\2 этап ПК240-ПК270_14.08.dwg,92,20.08.2026 13:23:05,makeden,AutoCAD PDF (General Documentation).pc3,Прежний размер листа (420.00 x 297.00 Пикселы),1:1,
\\192.168.88.14\share_test\2 этап ПК240-ПК270_14.08.dwg,93,20.08.2026 13:23:12,makeden,AutoCAD PDF (General Documentation).pc3,Прежний размер листа (840.00 x 297.00 Пикселы),1:1,
\\192.168.88.14\share_test\2 этап ПК240-ПК270_14.08.dwg,94,20.08.2026 13:23:20,makeden,AutoCAD PDF (General Documentation).pc3,Прежний размер листа (840.00 x 297.00 Пикселы),1:1,
\\192.168.88.14\share_test\2 этап ПК240-ПК270_14.08.dwg,95,20.08.2026 13:23:27,makeden,AutoCAD PDF (General Documentation).pc3,Прежний размер листа (840.00 x 297.00 Пикселы),1:1,
\\192.168.88.14\share_test\2 этап ПК240-ПК270_14.08.dwg,96,20.08.2026 13:23:34,makeden,AutoCAD PDF (General Documentation).pc3,Прежний размер листа (840.00 x 297.00 Пикселы),1:1,
\\192.168.88.14\share_test\2 этап ПК240-ПК270_14.08.dwg,97,20.08.2026 13:23:41,makeden,AutoCAD PDF (General Documentation).pc3,Прежний размер листа (420.00 x 297.00 Пикселы),1:1,
\\192.168.88.14\share_test\2 этап ПК240-ПК270_14.08.dwg,98,20.08.2026 13:23:49,makeden,AutoCAD PDF (General Documentation).pc3,Прежний размер листа (420.00 x 297.00 Пикселы),1:1,
\\192.168.88.14\share_test\2 этап ПК240-ПК270_14.08.dwg,99,20.08.2026 13:23:56,makeden,AutoCAD PDF (General Documentation).pc3,Прежний размер листа (420.00 x 297.00 Пикселы),1:1,
\\192.168.88.14\share_test\2 этап ПК240-ПК270_14.08.dwg,100,20.08.2026 13:24:03,makeden,AutoCAD PDF (General Documentation).pc3,Прежний размер листа (420.00 x 297.00 Пикселы),1:1,
\\192.168.88.14\share_test\2 этап ПК240-ПК270_14.08.dwg,101,20.08.2026 13:24:10,makeden,AutoCAD PDF (General Documentation).pc3,Прежний размер листа (420.00 x 297.00 Пикселы),1:1,
\\192.168.88.14\share_test\2 этап ПК240-ПК270_14.08.dwg,102,20.08.2026 13:24:17,makeden,AutoCAD PDF (General Documentation).pc3,Прежний размер листа (420.00 x 297.00 Пикселы),1:1,
\\192.168.88.14\share_test\2 этап ПК240-ПК270_14.08.dwg,103,20.08.2026 13:24:25,makeden,AutoCAD PDF (General Documentation).pc3,Прежний размер листа (840.00 x 297.00 Пикселы),1:1,
\\192.168.88.14\share_test\2 этап ПК240-ПК270_14.08.dwg,104,20.08.2026 13:24:32,makeden,AutoCAD PDF (General Documentation).pc3,Прежний размер листа (840.00 x 297.00 Пикселы),1:1,
\\192.168.88.14\share_test\2 этап ПК240-ПК270_14.08.dwg,105,20.08.2026 13:24:39,makeden,AutoCAD PDF (General Documentation).pc3,Прежний размер листа (840.00 x 297.00 Пикселы),1:1,
\\192.168.88.14\share_test\2 этап ПК240-ПК270_14.08.dwg,106,20.08.2026 13:24:46,makeden,AutoCAD PDF (General Documentation).pc3,Прежний размер листа (840.00 x 297.00 Пикселы),1:1,
\\192.168.88.14\share_test\2 этап ПК240-ПК270_14.08.dwg,107,20.08.2026 13:24:54,makeden,AutoCAD PDF (General Documentation).pc3,Прежний размер листа (420.00 x 297.00 Пикселы),1:1,
\\192.168.88.14\share_test\2 этап ПК240-ПК270_14.08.dwg,108,20.08.2026 13:25:01,makeden,AutoCAD PDF (General Documentation).pc3,Прежний размер листа (420.00 x 297.00 Пикселы),1:1,
\\192.168.88.14\share_test\2 этап ПК240-ПК270_14.08.dwg,109,20.08.2026 13:25:08,makeden,AutoCAD PDF (General Documentation).pc3,Прежний размер листа (420.00 x 297.00 Пикселы),1:1,
\\192.168.88.14\share_test\2 этап ПК240-ПК270_14.08.dwg,110,20.08.2026 13:25:15,makeden,AutoCAD PDF (General Documentation).pc3,Прежний размер листа (420.00 x 297.00 Пикселы),1:1,
\\192.168.88.14\share_test\2 этап ПК240-ПК270_14.08.dwg,111,20.08.2026 13:25:22,makeden,AutoCAD PDF (General Documentation).pc3,Прежний размер листа (420.00 x 297.00 Пикселы),1:1,
\\192.168.88.14\share_test\2 этап ПК240-ПК270_14.08.dwg,112,20.08.2026 13:25:29,makeden,AutoCAD PDF (General Documentation).pc3,Прежний размер листа (420.00 x 297.00 Пикселы),1:1,
\\192.168.88.14\share_test\2 этап ПК240-ПК270_14.08.dwg,113,20.08.2026 13:25:36,makeden,AutoCAD PDF (General Documentation).pc3,Прежний размер листа (420.00 x 297.00 Пикселы),1:1,
\\192.168.88.14\share_test\2 этап ПК240-ПК270_14.08.dwg,114,20.08.2026 13:25:44,makeden,AutoCAD PDF (General Documentation).pc3,Прежний размер листа (420.00 x 297.00 Пикселы),1:1,
\\192.168.88.14\share_test\2 этап ПК240-ПК270_14.08.dwg,115,20.08.2026 13:25:51,makeden,AutoCAD PDF (General Documentation).pc3,Прежний размер листа (420.00 x 297.00 Пикселы),1:1,
\\192.168.88.14\share_test\2 этап ПК240-ПК270_14.08.dwg,116,20.08.2026 13:25:58,makeden,AutoCAD PDF (General Documentation).pc3,Прежний размер листа (420.00 x 297.00 Пикселы),1:1,
\\192.168.88.14\share_test\2 этап ПК240-ПК270_14.08.dwg,117,20.08.2026 13:26:05,makeden,AutoCAD PDF (General Documentation).pc3,Прежний размер листа (420.00 x 297.00 Пикселы),1:1,
\\192.168.88.14\share_test\2 этап ПК240-ПК270_14.08.dwg,118,20.08.2026 13:26:13,makeden,AutoCAD PDF (General Documentation).pc3,Прежний размер листа (420.00 x 297.00 Пикселы),1:1,
\\192.168.88.14\share_test\2 этап ПК240-ПК270_14.08.dwg,119,20.08.2026 13:26:20,makeden,AutoCAD PDF (General Documentation).pc3,Прежний размер листа (420.00 x 297.00 Пикселы),1:1,
\\192.168.88.14\share_test\2 этап ПК240-ПК270_14.08.dwg,120,20.08.2026 13:26:28,makeden,AutoCAD PDF (General Documentation).pc3,Прежний размер листа (420.00 x 297.00 Пикселы),1:1,
\\192.168.88.14\share_test\2 этап ПК240-ПК270_14.08.dwg,121,20.08.2026 13:26:35,makeden,AutoCAD PDF (General Documentation).pc3,Прежний размер листа (420.00 x 297.00 Пикселы),1:1,
\\192.168.88.14\share_test\2 этап ПК240-ПК270_14.08.dwg,122,20.08.2026 13:26:42,makeden,AutoCAD PDF (General Documentation).pc3,Прежний размер листа (420.00 x 297.00 Пикселы),1:1,
\\192.168.88.14\share_test\2 этап ПК240-ПК270_14.08.dwg,123,20.08.2026 13:26:49,makeden,AutoCAD PDF (General Documentation).pc3,Прежний размер листа (420.00 x 297.00 Пикселы),1:1,
\\192.168.88.14\share_test\2 этап ПК240-ПК270_14.08.dwg,124,20.08.2026 13:26:56,makeden,AutoCAD PDF (General Documentation).pc3,Прежний размер листа (420.00 x 297.00 Пикселы),1:1,
\\192.168.88.14\share_test\2 этап ПК240-ПК270_14.08.dwg,125,20.08.2026 13:27:03,makeden,AutoCAD PDF (General Documentation).pc3,Прежний размер листа (420.00 x 297.00 Пикселы),1:1,
\\192.168.88.14\share_test\2 этап ПК240-ПК270_14.08.dwg,126,20.08.2026 13:27:10,makeden,AutoCAD PDF (General Documentation).pc3,Прежний размер листа (420.00 x 297.00 Пикселы),1:1,
\\192.168.88.14\share_test\2 этап ПК240-ПК270_14.08.dwg,127,20.08.2026 13:27:18,makeden,AutoCAD PDF (General Documentation).pc3,Прежний размер листа (420.00 x 297.00 Пикселы),1:1,
\\192.168.88.14\share_test\2 этап ПК240-ПК270_14.08.dwg,128,20.08.2026 13:27:30,makeden,AutoCAD PDF (General Documentation).pc3,Прежний размер листа (420.00 x 297.00 Пикселы),1:1,
\\192.168.88.14\share_test\2 этап ПК240-ПК270_14.08.dwg,129,20.08.2026 13:27:38,makeden,AutoCAD PDF (General Documentation).pc3,Прежний размер листа (420.00 x 297.00 Пикселы),1:1,
\\192.168.88.14\share_test\2 этап ПК240-ПК270_14.08.dwg,130,20.08.2026 13:27:49,makeden,AutoCAD PDF (General Documentation).pc3,Прежний размер листа (420.00 x 297.00 Пикселы),1:1,
\\192.168.88.14\share_test\2 этап ПК240-ПК270_14.08.dwg,131,20.08.2026 13:27:57,makeden,AutoCAD PDF (General Documentation).pc3,Прежний размер листа (420.00 x 297.00 Пикселы),1:1,
\\192.168.88.14\share_test\2 этап ПК240-ПК270_14.08.dwg,132,20.08.2026 13:28:07,makeden,AutoCAD PDF (General Documentation).pc3,Прежний размер листа (420.00 x 297.00 Пикселы),1:1,
\\192.168.88.14\share_test\2 этап ПК240-ПК270_14.08.dwg,133,20.08.2026 13:28:17,makeden,AutoCAD PDF (General Documentation).pc3,Прежний размер листа (420.00 x 297.00 Пикселы),1:1,
\\192.168.88.14\share_test\2 этап ПК240-ПК270_14.08.dwg,134,20.08.2026 13:28:27,makeden,AutoCAD PDF (General Documentation).pc3,Прежний размер листа (420.00 x 297.00 Пикселы),1:1,
\\192.168.88.14\share_test\2 этап ПК240-ПК270_14.08.dwg,135,20.08.2026 13:28:40,makeden,AutoCAD PDF (General Documentation).pc3,Прежний размер листа (420.00 x 297.00 Пикселы),1:1,
\\192.168.88.14\share_test\2 этап ПК240-ПК270_14.08.dwg,136,20.08.2026 13:28:48,makeden,AutoCAD PDF (General Documentation).pc3,Прежний размер листа (420.00 x 297.00 Пикселы),1:1,
\\192.168.88.14\share_test\2 этап ПК240-ПК270_14.08.dwg,137,20.08.2026 13:28:55,makeden,AutoCAD PDF (General Documentation).pc3,Прежний размер листа (420.00 x 297.00 Пикселы),1:1,
\\192.168.88.14\share_test\2 этап ПК240-ПК270_14.08.dwg,138,20.08.2026 13:29:04,makeden,AutoCAD PDF (General Documentation).pc3,Прежний размер листа (420.00 x 297.00 Пикселы),1:1,
\\192.168.88.14\share_test\2 этап ПК240-ПК270_14.08.dwg,139,20.08.2026 13:29:12,makeden,AutoCAD PDF (General Documentation).pc3,Прежний размер листа (420.00 x 297.00 Пикселы),1:1,
\\192.168.88.14\share_test\2 этап ПК240-ПК270_14.08.dwg,140,20.08.2026 13:29:20,makeden,AutoCAD PDF (General Documentation).pc3,Прежний размер листа (420.00 x 297.00 Пикселы),1:1,
\\192.168.88.14\share_test\2 этап ПК240-ПК270_14.08.dwg,141,20.08.2026 13:29:27,makeden,AutoCAD PDF (General Documentation).pc3,Прежний размер листа (420.00 x 297.00 Пикселы),1:1,
\\192.168.88.14\share_test\2 этап ПК240-ПК270_14.08.dwg,142,20.08.2026 13:29:34,makeden,AutoCAD PDF (General Documentation).pc3,Прежний размер листа (420.00 x 297.00 Пикселы),1:1,
\\192.168.88.14\share_test\2 этап ПК240-ПК270_14.08.dwg,143,20.08.2026 13:29:42,makeden,AutoCAD PDF (General Documentation).pc3,Прежний размер листа (420.00 x 297.00 Пикселы),1:1,
\\192.168.88.14\share_test\2 этап ПК240-ПК270_14.08.dwg,144,20.08.2026 13:29:51,makeden,AutoCAD PDF (General Documentation).pc3,Прежний размер листа (420.00 x 297.00 Пикселы),1:1,
\\192.168.88.14\share_test\2 этап ПК240-ПК270_14.08.dwg,145,20.08.2026 13:29:57,makeden,AutoCAD PDF (General Documentation).pc3,Прежний размер листа (840.00 x 297.00 Пикселы),1:1,
\\192.168.88.14\share_test\2 этап ПК240-ПК270_14.08.dwg,146,20.08.2026 13:30:04,makeden,AutoCAD PDF (General Documentation).pc3,Прежний размер листа (840.00 x 297.00 Пикселы),1:1,
\\192.168.88.14\share_test\2 этап ПК240-ПК270_14.08.dwg,147,20.08.2026 13:30:11,makeden,AutoCAD PDF (General Documentation).pc3,Прежний размер листа (840.00 x 297.00 Пикселы),1:1,
\\192.168.88.14\share_test\2 этап ПК240-ПК270_14.08.dwg,148,20.08.2026 13:30:17,makeden,AutoCAD PDF (General Documentation).pc3,Прежний размер листа (420.00 x 297.00 Пикселы),1:1,
\\192.168.88.14\share_test\2 этап ПК240-ПК270_14.08.dwg,149,20.08.2026 13:30:23,makeden,AutoCAD PDF (General Documentation).pc3,Прежний размер листа (420.00 x 297.00 Пикселы),1:1,
\\192.168.88.14\share_test\2 этап ПК240-ПК270_14.08.dwg,150,20.08.2026 13:30:30,makeden,AutoCAD PDF (General Documentation).pc3,Прежний размер листа (420.00 x 297.00 Пикселы),1:1,
\\192.168.88.14\share_test\2 этап ПК240-ПК270_14.08.dwg,151,20.08.2026 13:30:36,makeden,AutoCAD PDF (General Documentation).pc3,Прежний размер листа (840.00 x 297.00 Пикселы),1:1,
\\192.168.88.14\share_test\2 этап ПК240-ПК270_14.08.dwg,152,20.08.2026 13:30:42,makeden,AutoCAD PDF (General Documentation).pc3,Прежний размер листа (840.00 x 297.00 Пикселы),1:1,
\\192.168.88.14\share_test\2 этап ПК240-ПК270_14.08.dwg,153,20.08.2026 13:30:48,makeden,AutoCAD PDF (General Documentation).pc3,Прежний размер листа (840.00 x 297.00 Пикселы),1:1,
\\192.168.88.14\share_test\2 этап ПК240-ПК270_14.08.dwg,154,20.08.2026 13:30:55,makeden,AutoCAD PDF (General Documentation).pc3,Прежний размер листа (840.00 x 297.00 Пикселы),1:1,
\\192.168.88.14\share_test\2 этап ПК240-ПК270_14.08.dwg,155,20.08.2026 13:31:01,makeden,AutoCAD PDF (General Documentation).pc3,Прежний размер листа (420.00 x 297.00 Пикселы),1:1,
\\192.168.88.14\share_test\2 этап ПК240-ПК270_14.08.dwg,156,20.08.2026 13:31:07,makeden,AutoCAD PDF (General Documentation).pc3,Прежний размер листа (420.00 x 297.00 Пикселы),1:1,
\\192.168.88.14\share_test\2 этап ПК240-ПК270_14.08.dwg,157,20.08.2026 13:31:13,makeden,AutoCAD PDF (General Documentation).pc3,Прежний размер листа (420.00 x 297.00 Пикселы),1:1,
\\192.168.88.14\share_test\2 этап ПК240-ПК270_14.08.dwg,158,20.08.2026 13:31:19,makeden,AutoCAD PDF (General Documentation).pc3,Прежний размер листа (420.00 x 297.00 Пикселы),1:1,
\\192.168.88.14\share_test\2 этап ПК240-ПК270_14.08.dwg,159,20.08.2026 13:31:25,makeden,AutoCAD PDF (General Documentation).pc3,Прежний размер листа (420.00 x 297.00 Пикселы),1:1,
\\192.168.88.14\share_test\2 этап ПК240-ПК270_14.08.dwg,160,20.08.2026 13:31:32,makeden,AutoCAD PDF (General Documentation).pc3,Прежний размер листа (420.00 x 297.00 Пикселы),1:1,
\\192.168.88.14\share_test\2 этап ПК240-ПК270_14.08.dwg,161,20.08.2026 13:31:38,makeden,AutoCAD PDF (General Documentation).pc3,Прежний размер листа (420.00 x 297.00 Пикселы),1:1,
\\192.168.88.14\share_test\2 этап ПК240-ПК270_14.08.dwg,162,20.08.2026 13:31:45,makeden,AutoCAD PDF (General Documentation).pc3,Прежний размер листа (420.00 x 297.00 Пикселы),1:1,
\\192.168.88.14\share_test\2 этап ПК240-ПК270_14.08.dwg,163,20.08.2026 13:31:51,makeden,AutoCAD PDF (General Documentation).pc3,Прежний размер листа (420.00 x 297.00 Пикселы),1:1,
\\192.168.88.14\share_test\2 этап ПК240-ПК270_14.08.dwg,164,20.08.2026 13:31:58,makeden,AutoCAD PDF (General Documentation).pc3,Прежний размер листа (420.00 x 297.00 Пикселы),1:1,
\\192.168.88.14\share_test\2 этап ПК240-ПК270_14.08.dwg,165,20.08.2026 13:32:04,makeden,AutoCAD PDF (General Documentation).pc3,Прежний размер листа (420.00 x 297.00 Пикселы),1:1,
\\192.168.88.14\share_test\2 этап ПК240-ПК270_14.08.dwg,166,20.08.2026 13:32:11,makeden,AutoCAD PDF (General Documentation).pc3,Прежний размер листа (420.00 x 297.00 Пикселы),1:1,
\\192.168.88.14\share_test\2 этап ПК240-ПК270_14.08.dwg,167,20.08.2026 13:32:18,makeden,AutoCAD PDF (General Documentation).pc3,Прежний размер листа (420.00 x 297.00 Пикселы),1:1,
\\192.168.88.14\share_test\2 этап ПК240-ПК270_14.08.dwg,168,20.08.2026 13:32:25,makeden,AutoCAD PDF (General Documentation).pc3,Прежний размер листа (420.00 x 297.00 Пикселы),1:1,
\\192.168.88.14\share_test\2 этап ПК240-ПК270_14.08.dwg,169,20.08.2026 13:32:31,makeden,AutoCAD PDF (General Documentation).pc3,Прежний размер листа (420.00 x 297.00 Пикселы),1:1,
\\192.168.88.14\share_test\2 этап ПК240-ПК270_14.08.dwg,170,20.08.2026 13:32:38,makeden,AutoCAD PDF (General Documentation).pc3,Прежний размер листа (420.00 x 297.00 Пикселы),1:1,
\\192.168.88.14\share_test\2 этап ПК240-ПК270_14.08.dwg,171,20.08.2026 13:32:44,makeden,AutoCAD PDF (General Documentation).pc3,Прежний размер листа (420.00 x 297.00 Пикселы),1:1,
E:\share_test\2 этап ПК240-ПК270_14.08.dwg,1,20.08.2026 14:03:27,makeden,AutoCAD PDF (General Documentation).pc3,Прежний размер листа (420.00 x 297.00 Пикселы),1:1,
E:\share_test\2 этап ПК240-ПК270_14.08.dwg,2,20.08.2026 14:03:34,makeden,AutoCAD PDF (General Documentation).pc3,Прежний размер листа (420.00 x 297.00 Пикселы),1:1,
E:\share_test\2 этап ПК240-ПК270_14.08.dwg,3,20.08.2026 14:03:41,makeden,AutoCAD PDF (General Documentation).pc3,Прежний размер листа (420.00 x 297.00 Пикселы),1:1,
E:\share_test\2 этап ПК240-ПК270_14.08.dwg,4,20.08.2026 14:03:50,makeden,AutoCAD PDF (General Documentation).pc3,Прежний размер листа (420.00 x 297.00 Пикселы),1:1,
E:\share_test\2 этап ПК240-ПК270_14.08.dwg,5,20.08.2026 14:03:57,makeden,AutoCAD PDF (General Documentation).pc3,Прежний размер листа (420.00 x 297.00 Пикселы),1:1,
E:\share_test\2 этап ПК240-ПК270_14.08.dwg,6,20.08.2026 14:04:05,makeden,AutoCAD PDF (General Documentation).pc3,Прежний размер листа (840.00 x 297.00 Пикселы),1:1,
E:\share_test\2 этап ПК240-ПК270_14.08.dwg,7,20.08.2026 14:04:12,makeden,AutoCAD PDF (General Documentation).pc3,Прежний размер листа (840.00 x 297.00 Пикселы),1:1,
E:\share_test\2 этап ПК240-ПК270_14.08.dwg,8,20.08.2026 14:04:20,makeden,AutoCAD PDF (General Documentation).pc3,Прежний размер листа (840.00 x 297.00 Пикселы),1:1,
E:\share_test\2 этап ПК240-ПК270_14.08.dwg,9,20.08.2026 14:04:26,makeden,AutoCAD PDF (General Documentation).pc3,Прежний размер листа (420.00 x 297.00 Пикселы),1:1,
E:\share_test\2 этап ПК240-ПК270_14.08.dwg,10,20.08.2026 14:04:33,makeden,AutoCAD PDF (General Documentation).pc3,Прежний размер листа (420.00 x 297.00 Пикселы),1:1,
E:\share_test\2 этап ПК240-ПК270_14.08.dwg,11,20.08.2026 14:04:40,makeden,AutoCAD PDF (General Documentation).pc3,Прежний размер листа (420.00 x 297.00 Пикселы),1:1,
E:\share_test\2 этап ПК240-ПК270_14.08.dwg,12,20.08.2026 14:04:49,makeden,AutoCAD PDF (General Documentation).pc3,Прежний размер листа (420.00 x 297.00 Пикселы),1:1,
E:\share_test\2 этап ПК240-ПК270_14.08.dwg,13,20.08.2026 14:04:57,makeden,AutoCAD PDF (General Documentation).pc3,Прежний размер листа (420.00 x 297.00 Пикселы),1:1,
E:\share_test\2 этап ПК240-ПК270_14.08.dwg,14,20.08.2026 14:05:04,makeden,AutoCAD PDF (General Documentation).pc3,Прежний размер листа (420.00 x 297.00 Пикселы),1:1,
E:\share_test\2 этап ПК240-ПК270_14.08.dwg,15,20.08.2026 14:05:11,makeden,AutoCAD PDF (General Documentation).pc3,Прежний размер листа (840.00 x 297.00 Пикселы),1:1,
E:\share_test\2 этап ПК240-ПК270_14.08.dwg,16,20.08.2026 14:05:18,makeden,AutoCAD PDF (General Documentation).pc3,Прежний размер листа (840.00 x 297.00 Пикселы),1:1,
E:\share_test\2 этап ПК240-ПК270_14.08.dwg,17,20.08.2026 14:05:25,makeden,AutoCAD PDF (General Documentation).pc3,Прежний размер листа (840.00 x 297.00 Пикселы),1:1,
E:\share_test\2 этап ПК240-ПК270_14.08.dwg,18,20.08.2026 14:05:32,makeden,AutoCAD PDF (General Documentation).pc3,Прежний размер листа (420.00 x 297.00 Пикселы),1:1,
E:\share_test\2 этап ПК240-ПК270_14.08.dwg,19,20.08.2026 14:05:38,makeden,AutoCAD PDF (General Documentation).pc3,Прежний размер листа (420.00 x 297.00 Пикселы),1:1,
E:\share_test\2 этап ПК240-ПК270_14.08.dwg,20,20.08.2026 14:05:45,makeden,AutoCAD PDF (General Documentation).pc3,Прежний размер листа (420.00 x 297.00 Пикселы),1:1,
E:\share_test\2 этап ПК240-ПК270_14.08.dwg,21,20.08.2026 14:05:52,makeden,AutoCAD PDF (General Documentation).pc3,Прежний размер листа (420.00 x 297.00 Пикселы),1:1,
E:\share_test\2 этап ПК240-ПК270_14.08.dwg,22,20.08.2026 14:05:59,makeden,AutoCAD PDF (General Documentation).pc3,Прежний размер листа (420.00 x 297.00 Пикселы),1:1,
E:\share_test\2 этап ПК240-ПК270_14.08.dwg,23,20.08.2026 14:06:06,makeden,AutoCAD PDF (General Documentation).pc3,Прежний размер листа (420.00 x 297.00 Пикселы),1:1,
E:\share_test\2 этап ПК240-ПК270_14.08.dwg,24,20.08.2026 14:06:12,makeden,AutoCAD PDF (General Documentation).pc3,Прежний размер листа (420.00 x 297.00 Пикселы),1:1,
E:\share_test\2 этап ПК240-ПК270_14.08.dwg,25,20.08.2026 14:06:20,makeden,AutoCAD PDF (General Documentation).pc3,Прежний размер листа (420.00 x 297.00 Пикселы),1:1,
E:\share_test\2 этап ПК240-ПК270_14.08.dwg,26,20.08.2026 14:06:28,makeden,AutoCAD PDF (General Documentation).pc3,Прежний размер листа (420.00 x 297.00 Пикселы),1:1,
E:\share_test\2 этап ПК240-ПК270_14.08.dwg,27,20.08.2026 14:06:35,makeden,AutoCAD PDF (General Documentation).pc3,Прежний размер листа (420.00 x 297.00 Пикселы),1:1,
E:\share_test\2 этап ПК240-ПК270_14.08.dwg,28,20.08.2026 14:06:43,makeden,AutoCAD PDF (General Documentation).pc3,Прежний размер листа (420.00 x 297.00 Пикселы),1:1,
E:\share_test\2 этап ПК240-ПК270_14.08.dwg,29,20.08.2026 14:06:49,makeden,AutoCAD PDF (General Documentation).pc3,Прежний размер листа (420.00 x 297.00 Пикселы),1:1,
E:\share_test\2 этап ПК240-ПК270_14.08.dwg,30,20.08.2026 14:06:56,makeden,AutoCAD PDF (General Documentation).pc3,Прежний размер листа (420.00 x 297.00 Пикселы),1:1,
E:\share_test\2 этап ПК240-ПК270_14.08.dwg,31,20.08.2026 14:07:03,makeden,AutoCAD PDF (General Documentation).pc3,Прежний размер листа (420.00 x 297.00 Пикселы),1:1,
E:\share_test\2 этап ПК240-ПК270_14.08.dwg,32,20.08.2026 14:07:10,makeden,AutoCAD PDF (General Documentation).pc3,Прежний размер листа (420.00 x 297.00 Пикселы),1:1,
E:\share_test\2 этап ПК240-ПК270_14.08.dwg,33,20.08.2026 14:07:17,makeden,AutoCAD PDF (General Documentation).pc3,Прежний размер листа (420.00 x 297.00 Пикселы),1:1,
E:\share_test\2 этап ПК240-ПК270_14.08.dwg,34,20.08.2026 14:07:24,makeden,AutoCAD PDF (General Documentation).pc3,Прежний размер листа (420.00 x 297.00 Пикселы),1:1,
E:\share_test\2 этап ПК240-ПК270_14.08.dwg,35,20.08.2026 14:07:31,makeden,AutoCAD PDF (General Documentation).pc3,Прежний размер листа (420.00 x 297.00 Пикселы),1:1,
E:\share_test\2 этап ПК240-ПК270_14.08.dwg,36,20.08.2026 14:07:37,makeden,AutoCAD PDF (General Documentation).pc3,Прежний размер листа (420.00 x 297.00 Пикселы),1:1,
E:\share_test\2 этап ПК240-ПК270_14.08.dwg,37,20.08.2026 14:07:45,makeden,AutoCAD PDF (General Documentation).pc3,Прежний размер листа (420.00 x 297.00 Пикселы),1:1,
E:\share_test\2 этап ПК240-ПК270_14.08.dwg,38,20.08.2026 14:07:51,makeden,AutoCAD PDF (General Documentation).pc3,Прежний размер листа (420.00 x 297.00 Пикселы),1:1,
E:\share_test\2 этап ПК240-ПК270_14.08.dwg,39,20.08.2026 14:07:58,makeden,AutoCAD PDF (General Documentation).pc3,Прежний размер листа (420.00 x 297.00 Пикселы),1:1,
E:\share_test\2 этап ПК240-ПК270_14.08.dwg,40,20.08.2026 14:08:05,makeden,AutoCAD PDF (General Documentation).pc3,Прежний размер листа (420.00 x 297.00 Пикселы),1:1,
E:\share_test\2 этап ПК240-ПК270_14.08.dwg,41,20.08.2026 14:08:12,makeden,AutoCAD PDF (General Documentation).pc3,Прежний размер листа (420.00 x 297.00 Пикселы),1:1,
E:\share_test\2 этап ПК240-ПК270_14.08.dwg,42,20.08.2026 14:08:19,makeden,AutoCAD PDF (General Documentation).pc3,Прежний размер листа (420.00 x 297.00 Пикселы),1:1,
E:\share_test\2 этап ПК240-ПК270_14.08.dwg,43,20.08.2026 14:08:25,makeden,AutoCAD PDF (General Documentation).pc3,Прежний размер листа (420.00 x 297.00 Пикселы),1:1,
E:\share_test\2 этап ПК240-ПК270_14.08.dwg,44,20.08.2026 14:08:32,makeden,AutoCAD PDF (General Documentation).pc3,Прежний размер листа (420.00 x 297.00 Пикселы),1:1,
E:\share_test\2 этап ПК240-ПК270_14.08.dwg,45,20.08.2026 14:08:39,makeden,AutoCAD PDF (General Documentation).pc3,Прежний размер листа (420.00 x 297.00 Пикселы),1:1,
E:\share_test\2 этап ПК240-ПК270_14.08.dwg,46,20.08.2026 14:08:45,makeden,AutoCAD PDF (General Documentation).pc3,Прежний размер листа (420.00 x 297.00 Пикселы),1:1,
E:\share_test\2 этап ПК240-ПК270_14.08.dwg,47,20.08.2026 14:08:52,makeden,AutoCAD PDF (General Documentation).pc3,Прежний размер листа (420.00 x 297.00 Пикселы),1:1,
E:\share_test\2 этап ПК240-ПК270_14.08.dwg,48,20.08.2026 14:08:59,makeden,AutoCAD PDF (General Documentation).pc3,Прежний размер листа (420.00 x 297.00 Пикселы),1:1,
E:\share_test\2 этап ПК240-ПК270_14.08.dwg,49,20.08.2026 14:09:06,makeden,AutoCAD PDF (General Documentation).pc3,Прежний размер листа (420.00 x 297.00 Пикселы),1:1,
E:\share_test\2 этап ПК240-ПК270_14.08.dwg,50,20.08.2026 14:09:13,makeden,AutoCAD PDF (General Documentation).pc3,Прежний размер листа (420.00 x 297.00 Пикселы),1:1,
E:\share_test\2 этап ПК240-ПК270_14.08.dwg,51,20.08.2026 14:09:20,makeden,AutoCAD PDF (General Documentation).pc3,Прежний размер листа (420.00 x 297.00 Пикселы),1:1,
E:\share_test\2 этап ПК240-ПК270_14.08.dwg,52,20.08.2026 14:09:29,makeden,AutoCAD PDF (General Documentation).pc3,Прежний размер листа (420.00 x 297.00 Пикселы),1:1,
E:\share_test\2 этап ПК240-ПК270_14.08.dwg,53,20.08.2026 14:09:36,makeden,AutoCAD PDF (General Documentation).pc3,Прежний размер листа (840.00 x 297.00 Пикселы),1:1,
E:\share_test\2 этап ПК240-ПК270_14.08.dwg,54,20.08.2026 14:09:43,makeden,AutoCAD PDF (General Documentation).pc3,Прежний размер листа (840.00 x 297.00 Пикселы),1:1,
E:\share_test\2 этап ПК240-ПК270_14.08.dwg,55,20.08.2026 14:09:51,makeden,AutoCAD PDF (General Documentation).pc3,Прежний размер листа (840.00 x 297.00 Пикселы),1:1,
E:\share_test\2 этап ПК240-ПК270_14.08.dwg,56,20.08.2026 14:09:57,makeden,AutoCAD PDF (General Documentation).pc3,Прежний размер листа (840.00 x 297.00 Пикселы),1:1,
E:\share_test\2 этап ПК240-ПК270_14.08.dwg,57,20.08.2026 14:10:04,makeden,AutoCAD PDF (General Documentation).pc3,Прежний размер листа (840.00 x 297.00 Пикселы),1:1,
E:\share_test\2 этап ПК240-ПК270_14.08.dwg,58,20.08.2026 14:10:09,makeden,AutoCAD PDF (General Documentation).pc3,Прежний размер листа (840.00 x 297.00 Пикселы),1:1,
E:\share_test\2 этап ПК240-ПК270_14.08.dwg,59,20.08.2026 14:10:15,makeden,AutoCAD PDF (General Documentation).pc3,Прежний размер листа (840.00 x 297.00 Пикселы),1:1,
E:\share_test\2 этап ПК240-ПК270_14.08.dwg,60,20.08.2026 14:10:21,makeden,AutoCAD PDF (General Documentation).pc3,Прежний размер листа (840.00 x 297.00 Пикселы),1:1,
E:\share_test\2 этап ПК240-ПК270_14.08.dwg,61,20.08.2026 14:10:27,makeden,AutoCAD PDF (General Documentation).pc3,Прежний размер листа (840.00 x 297.00 Пикселы),1:1,
E:\share_test\2 этап ПК240-ПК270_14.08.dwg,62,20.08.2026 14:10:33,makeden,AutoCAD PDF (General Documentation).pc3,Прежний размер листа (840.00 x 297.00 Пикселы),1:1,
E:\share_test\2 этап ПК240-ПК270_14.08.dwg,63,20.08.2026 14:10:39,makeden,AutoCAD PDF (General Documentation).pc3,Прежний размер листа (420.00 x 297.00 Пикселы),1:1,
E:\share_test\2 этап ПК240-ПК270_14.08.dwg,64,20.08.2026 14:10:45,makeden,AutoCAD PDF (General Documentation).pc3,Прежний размер листа (420.00 x 297.00 Пикселы),1:1,
E:\share_test\2 этап ПК240-ПК270_14.08.dwg,65,20.08.2026 14:10:51,makeden,AutoCAD PDF (General Documentation).pc3,Прежний размер листа (420.00 x 297.00 Пикселы),1:1,
E:\share_test\2 этап ПК240-ПК270_14.08.dwg,66,20.08.2026 14:10:57,makeden,AutoCAD PDF (General Documentation).pc3,Прежний размер листа (420.00 x 297.00 Пикселы),1:1,
E:\share_test\2 этап ПК240-ПК270_14.08.dwg,67,20.08.2026 14:11:03,makeden,AutoCAD PDF (General Documentation).pc3,Прежний размер листа (420.00 x 297.00 Пикселы),1:1,
E:\share_test\2 этап ПК240-ПК270_14.08.dwg,68,20.08.2026 14:11:09,makeden,AutoCAD PDF (General Documentation).pc3,Прежний размер листа (420.00 x 297.00 Пикселы),1:1,
E:\share_test\2 этап ПК240-ПК270_14.08.dwg,69,20.08.2026 14:11:15,makeden,AutoCAD PDF (General Documentation).pc3,Прежний размер листа (420.00 x 297.00 Пикселы),1:1,
E:\share_test\2 этап ПК240-ПК270_14.08.dwg,70,20.08.2026 14:11:22,makeden,AutoCAD PDF (General Documentation).pc3,Прежний размер листа (420.00 x 297.00 Пикселы),1:1,
E:\share_test\2 этап ПК240-ПК270_14.08.dwg,71,20.08.2026 14:11:27,makeden,AutoCAD PDF (General Documentation).pc3,Прежний размер листа (420.00 x 297.00 Пикселы),1:1,
E:\share_test\2 этап ПК240-ПК270_14.08.dwg,72,20.08.2026 14:11:33,makeden,AutoCAD PDF (General Documentation).pc3,Прежний размер листа (420.00 x 297.00 Пикселы),1:1,
E:\share_test\2 этап ПК240-ПК270_14.08.dwg,73,20.08.2026 14:11:39,makeden,AutoCAD PDF (General Documentation).pc3,Прежний размер листа (840.00 x 297.00 Пикселы),1:1,
E:\share_test\2 этап ПК240-ПК270_14.08.dwg,74,20.08.2026 14:11:45,makeden,AutoCAD PDF (General Documentation).pc3,Прежний размер листа (420.00 x 297.00 Пикселы),1:1,
E:\share_test\2 этап ПК240-ПК270_14.08.dwg,75,20.08.2026 14:11:51,makeden,AutoCAD PDF (General Documentation).pc3,Прежний размер листа (420.00 x 297.00 Пикселы),1:1,
E:\share_test\2 этап ПК240-ПК270_14.08.dwg,76,20.08.2026 14:11:57,makeden,AutoCAD PDF (General Documentation).pc3,Прежний размер листа (420.00 x 297.00 Пикселы),1:1,
E:\share_test\2 этап ПК240-ПК270_14.08.dwg,77,20.08.2026 14:12:03,makeden,AutoCAD PDF (General Documentation).pc3,Прежний размер листа (420.00 x 297.00 Пикселы),1:1,
E:\share_test\2 этап ПК240-ПК270_14.08.dwg,78,20.08.2026 14:12:09,makeden,AutoCAD PDF (General Documentation).pc3,Прежний размер листа (420.00 x 297.00 Пикселы),1:1,
E:\share_test\2 этап ПК240-ПК270_14.08.dwg,79,20.08.2026 14:12:15,makeden,AutoCAD PDF (General Documentation).pc3,Прежний размер листа (420.00 x 297.00 Пикселы),1:1,
E:\share_test\2 этап ПК240-ПК270_14.08.dwg,80,20.08.2026 14:12:21,makeden,AutoCAD PDF (General Documentation).pc3,Прежний размер листа (420.00 x 297.00 Пикселы),1:1,
E:\share_test\2 этап ПК240-ПК270_14.08.dwg,81,20.08.2026 14:12:27,makeden,AutoCAD PDF (General Documentation).pc3,Прежний размер листа (420.00 x 297.00 Пикселы),1:1,
E:\share_test\2 этап ПК240-ПК270_14.08.dwg,82,20.08.2026 14:12:33,makeden,AutoCAD PDF (General Documentation).pc3,Прежний размер листа (420.00 x 297.00 Пикселы),1:1,
E:\share_test\2 этап ПК240-ПК270_14.08.dwg,83,20.08.2026 14:12:40,makeden,AutoCAD PDF (General Documentation).pc3,Прежний размер листа (420.00 x 297.00 Пикселы),1:1,
E:\share_test\2 этап ПК240-ПК270_14.08.dwg,84,20.08.2026 14:12:46,makeden,AutoCAD PDF (General Documentation).pc3,Прежний размер листа (420.00 x 297.00 Пикселы),1:1,
E:\share_test\2 этап ПК240-ПК270_14.08.dwg,85,20.08.2026 14:12:52,makeden,AutoCAD PDF (General Documentation).pc3,Прежний размер листа (420.00 x 297.00 Пикселы),1:1,
E:\share_test\2 этап ПК240-ПК270_14.08.dwg,86,20.08.2026 14:12:58,makeden,AutoCAD PDF (General Documentation).pc3,Прежний размер листа (420.00 x 297.00 Пикселы),1:1,
E:\share_test\2 этап ПК240-ПК270_14.08.dwg,87,20.08.2026 14:13:04,makeden,AutoCAD PDF (General Documentation).pc3,Прежний размер листа (420.00 x 297.00 Пикселы),1:1,
E:\share_test\2 этап ПК240-ПК270_14.08.dwg,88,20.08.2026 14:13:10,makeden,AutoCAD PDF (General Documentation).pc3,Прежний размер листа (420.00 x 297.00 Пикселы),1:1,
E:\share_test\2 этап ПК240-ПК270_14.08.dwg,89,20.08.2026 14:13:16,makeden,AutoCAD PDF (General Documentation).pc3,Прежний размер листа (420.00 x 297.00 Пикселы),1:1,
E:\share_test\2 этап ПК240-ПК270_14.08.dwg,90,20.08.2026 14:13:23,makeden,AutoCAD PDF (General Documentation).pc3,Прежний размер листа (420.00 x 297.00 Пикселы),1:1,
E:\share_test\2 этап ПК240-ПК270_14.08.dwg,91,20.08.2026 14:13:29,makeden,AutoCAD PDF (General Documentation).pc3,Прежний размер листа (420.00 x 297.00 Пикселы),1:1,
E:\share_test\2 этап ПК240-ПК270_14.08.dwg,92,20.08.2026 14:13:35,makeden,AutoCAD PDF (General Documentation).pc3,Прежний размер листа (420.00 x 297.00 Пикселы),1:1,
E:\share_test\2 этап ПК240-ПК270_14.08.dwg,93,20.08.2026 14:13:41,makeden,AutoCAD PDF (General Documentation).pc3,Прежний размер листа (840.00 x 297.00 Пикселы),1:1,
E:\share_test\2 этап ПК240-ПК270_14.08.dwg,94,20.08.2026 14:13:47,makeden,AutoCAD PDF (General Documentation).pc3,Прежний размер листа (840.00 x 297.00 Пикселы),1:1,
E:\share_test\2 этап ПК240-ПК270_14.08.dwg,95,20.08.2026 14:13:53,makeden,AutoCAD PDF (General Documentation).pc3,Прежний размер листа (840.00 x 297.00 Пикселы),1:1,
E:\share_test\2 этап ПК240-ПК270_14.08.dwg,96,20.08.2026 14:13:59,makeden,AutoCAD PDF (General Documentation).pc3,Прежний размер листа (840.00 x 297.00 Пикселы),1:1,
E:\share_test\2 этап ПК240-ПК270_14.08.dwg,97,20.08.2026 14:14:05,makeden,AutoCAD PDF (General Documentation).pc3,Прежний размер листа (420.00 x 297.00 Пикселы),1:1,
E:\share_test\2 этап ПК240-ПК270_14.08.dwg,98,20.08.2026 14:14:11,makeden,AutoCAD PDF (General Documentation).pc3,Прежний размер листа (420.00 x 297.00 Пикселы),1:1,
E:\share_test\2 этап ПК240-ПК270_14.08.dwg,99,20.08.2026 14:14:17,makeden,AutoCAD PDF (General Documentation).pc3,Прежний размер листа (420.00 x 297.00 Пикселы),1:1,
E:\share_test\2 этап ПК240-ПК270_14.08.dwg,100,20.08.2026 14:14:23,makeden,AutoCAD PDF (General Documentation).pc3,Прежний размер листа (420.00 x 297.00 Пикселы),1:1,
E:\share_test\2 этап ПК240-ПК270_14.08.dwg,101,20.08.2026 14:14:29,makeden,AutoCAD PDF (General Documentation).pc3,Прежний размер листа (420.00 x 297.00 Пикселы),1:1,
E:\share_test\2 этап ПК240-ПК270_14.08.dwg,102,20.08.2026 14:14:35,makeden,AutoCAD PDF (General Documentation).pc3,Прежний размер листа (420.00 x 297.00 Пикселы),1:1,
E:\share_test\2 этап ПК240-ПК270_14.08.dwg,103,20.08.2026 14:14:41,makeden,AutoCAD PDF (General Documentation).pc3,Прежний размер листа (840.00 x 297.00 Пикселы),1:1,
E:\share_test\2 этап ПК240-ПК270_14.08.dwg,104,20.08.2026 14:14:47,makeden,AutoCAD PDF (General Documentation).pc3,Прежний размер листа (840.00 x 297.00 Пикселы),1:1,
E:\share_test\2 этап ПК240-ПК270_14.08.dwg,105,20.08.2026 14:14:53,makeden,AutoCAD PDF (General Documentation).pc3,Прежний размер листа (840.00 x 297.00 Пикселы),1:1,
E:\share_test\2 этап ПК240-ПК270_14.08.dwg,106,20.08.2026 14:14:59,makeden,AutoCAD PDF (General Documentation).pc3,Прежний размер листа (840.00 x 297.00 Пикселы),1:1,
E:\share_test\2 этап ПК240-ПК270_14.08.dwg,107,20.08.2026 14:15:05,makeden,AutoCAD PDF (General Documentation).pc3,Прежний размер листа (420.00 x 297.00 Пикселы),1:1,
E:\share_test\2 этап ПК240-ПК270_14.08.dwg,108,20.08.2026 14:15:11,makeden,AutoCAD PDF (General Documentation).pc3,Прежний размер листа (420.00 x 297.00 Пикселы),1:1,
E:\share_test\2 этап ПК240-ПК270_14.08.dwg,109,20.08.2026 14:15:18,makeden,AutoCAD PDF (General Documentation).pc3,Прежний размер листа (420.00 x 297.00 Пикселы),1:1,
E:\share_test\2 этап ПК240-ПК270_14.08.dwg,110,20.08.2026 14:15:23,makeden,AutoCAD PDF (General Documentation).pc3,Прежний размер листа (420.00 x 297.00 Пикселы),1:1,
E:\share_test\2 этап ПК240-ПК270_14.08.dwg,111,20.08.2026 14:15:29,makeden,AutoCAD PDF (General Documentation).pc3,Прежний размер листа (420.00 x 297.00 Пикселы),1:1,
E:\share_test\2 этап ПК240-ПК270_14.08.dwg,112,20.08.2026 14:15:35,makeden,AutoCAD PDF (General Documentation).pc3,Прежний размер листа (420.00 x 297.00 Пикселы),1:1,
E:\share_test\2 этап ПК240-ПК270_14.08.dwg,113,20.08.2026 14:15:41,makeden,AutoCAD PDF (General Documentation).pc3,Прежний размер листа (420.00 x 297.00 Пикселы),1:1,
E:\share_test\2 этап ПК240-ПК270_14.08.dwg,114,20.08.2026 14:15:47,makeden,AutoCAD PDF (General Documentation).pc3,Прежний размер листа (420.00 x 297.00 Пикселы),1:1,
E:\share_test\2 этап ПК240-ПК270_14.08.dwg,115,20.08.2026 14:15:53,makeden,AutoCAD PDF (General Documentation).pc3,Прежний размер листа (420.00 x 297.00 Пикселы),1:1,
E:\share_test\2 этап ПК240-ПК270_14.08.dwg,116,20.08.2026 14:15:59,makeden,AutoCAD PDF (General Documentation).pc3,Прежний размер листа (420.00 x 297.00 Пикселы),1:1,
E:\share_test\2 этап ПК240-ПК270_14.08.dwg,117,20.08.2026 14:16:05,makeden,AutoCAD PDF (General Documentation).pc3,Прежний размер листа (420.00 x 297.00 Пикселы),1:1,
E:\share_test\2 этап ПК240-ПК270_14.08.dwg,118,20.08.2026 14:16:11,makeden,AutoCAD PDF (General Documentation).pc3,Прежний размер листа (420.00 x 297.00 Пикселы),1:1,
E:\share_test\2 этап ПК240-ПК270_14.08.dwg,119,20.08.2026 14:16:17,makeden,AutoCAD PDF (General Documentation).pc3,Прежний размер листа (420.00 x 297.00 Пикселы),1:1,
E:\share_test\2 этап ПК240-ПК270_14.08.dwg,120,20.08.2026 14:16:24,makeden,AutoCAD PDF (General Documentation).pc3,Прежний размер листа (420.00 x 297.00 Пикселы),1:1,
E:\share_test\2 этап ПК240-ПК270_14.08.dwg,121,20.08.2026 14:16:31,makeden,AutoCAD PDF (General Documentation).pc3,Прежний размер листа (420.00 x 297.00 Пикселы),1:1,
E:\share_test\2 этап ПК240-ПК270_14.08.dwg,122,20.08.2026 14:16:38,makeden,AutoCAD PDF (General Documentation).pc3,Прежний размер листа (420.00 x 297.00 Пикселы),1:1,
E:\share_test\2 этап ПК240-ПК270_14.08.dwg,123,20.08.2026 14:16:44,makeden,AutoCAD PDF (General Documentation).pc3,Прежний размер листа (420.00 x 297.00 Пикселы),1:1,
E:\share_test\2 этап ПК240-ПК270_14.08.dwg,124,20.08.2026 14:16:50,makeden,AutoCAD PDF (General Documentation).pc3,Прежний размер листа (420.00 x 297.00 Пикселы),1:1,
E:\share_test\2 этап ПК240-ПК270_14.08.dwg,125,20.08.2026 14:16:56,makeden,AutoCAD PDF (General Documentation).pc3,Прежний размер листа (420.00 x 297.00 Пикселы),1:1,
E:\share_test\2 этап ПК240-ПК270_14.08.dwg,126,20.08.2026 14:17:02,makeden,AutoCAD PDF (General Documentation).pc3,Прежний размер листа (420.00 x 297.00 Пикселы),1:1,
E:\share_test\2 этап ПК240-ПК270_14.08.dwg,127,20.08.2026 14:17:09,makeden,AutoCAD PDF (General Documentation).pc3,Прежний размер листа (420.00 x 297.00 Пикселы),1:1,
E:\share_test\2 этап ПК240-ПК270_14.08.dwg,128,20.08.2026 14:17:15,makeden,AutoCAD PDF (General Documentation).pc3,Прежний размер листа (420.00 x 297.00 Пикселы),1:1,
E:\share_test\2 этап ПК240-ПК270_14.08.dwg,129,20.08.2026 14:17:21,makeden,AutoCAD PDF (General Documentation).pc3,Прежний размер листа (420.00 x 297.00 Пикселы),1:1,
E:\share_test\2 этап ПК240-ПК270_14.08.dwg,130,20.08.2026 14:17:27,makeden,AutoCAD PDF (General Documentation).pc3,Прежний размер листа (420.00 x 297.00 Пикселы),1:1,
E:\share_test\2 этап ПК240-ПК270_14.08.dwg,131,20.08.2026 14:17:33,makeden,AutoCAD PDF (General Documentation).pc3,Прежний размер листа (420.00 x 297.00 Пикселы),1:1,
E:\share_test\2 этап ПК240-ПК270_14.08.dwg,132,20.08.2026 14:17:40,makeden,AutoCAD PDF (General Documentation).pc3,Прежний размер листа (420.00 x 297.00 Пикселы),1:1,
E:\share_test\2 этап ПК240-ПК270_14.08.dwg,133,20.08.2026 14:17:46,makeden,AutoCAD PDF (General Documentation).pc3,Прежний размер листа (420.00 x 297.00 Пикселы),1:1,
E:\share_test\2 этап ПК240-ПК270_14.08.dwg,134,20.08.2026 14:17:52,makeden,AutoCAD PDF (General Documentation).pc3,Прежний размер листа (420.00 x 297.00 Пикселы),1:1,
E:\share_test\2 этап ПК240-ПК270_14.08.dwg,135,20.08.2026 14:17:59,makeden,AutoCAD PDF (General Documentation).pc3,Прежний размер листа (420.00 x 297.00 Пикселы),1:1,
E:\share_test\2 этап ПК240-ПК270_14.08.dwg,136,20.08.2026 14:18:05,makeden,AutoCAD PDF (General Documentation).pc3,Прежний размер листа (420.00 x 297.00 Пикселы),1:1,
E:\share_test\2 этап ПК240-ПК270_14.08.dwg,137,20.08.2026 14:18:11,makeden,AutoCAD PDF (General Documentation).pc3,Прежний размер листа (420.00 x 297.00 Пикселы),1:1,
E:\share_test\2 этап ПК240-ПК270_14.08.dwg,138,20.08.2026 14:18:17,makeden,AutoCAD PDF (General Documentation).pc3,Прежний размер листа (420.00 x 297.00 Пикселы),1:1,
E:\share_test\2 этап ПК240-ПК270_14.08.dwg,139,20.08.2026 14:18:23,makeden,AutoCAD PDF (General Documentation).pc3,Прежний размер листа (420.00 x 297.00 Пикселы),1:1,
E:\share_test\2 этап ПК240-ПК270_14.08.dwg,140,20.08.2026 14:18:30,makeden,AutoCAD PDF (General Documentation).pc3,Прежний размер листа (420.00 x 297.00 Пикселы),1:1,
E:\share_test\2 этап ПК240-ПК270_14.08.dwg,141,20.08.2026 14:18:36,makeden,AutoCAD PDF (General Documentation).pc3,Прежний размер листа (420.00 x 297.00 Пикселы),1:1,
E:\share_test\2 этап ПК240-ПК270_14.08.dwg,142,20.08.2026 14:18:42,makeden,AutoCAD PDF (General Documentation).pc3,Прежний размер листа (420.00 x 297.00 Пикселы),1:1,
E:\share_test\2 этап ПК240-ПК270_14.08.dwg,143,20.08.2026 14:18:50,makeden,AutoCAD PDF (General Documentation).pc3,Прежний размер листа (420.00 x 297.00 Пикселы),1:1,
E:\share_test\2 этап ПК240-ПК270_14.08.dwg,144,20.08.2026 14:18:56,makeden,AutoCAD PDF (General Documentation).pc3,Прежний размер листа (420.00 x 297.00 Пикселы),1:1,
E:\share_test\2 этап ПК240-ПК270_14.08.dwg,145,20.08.2026 14:19:02,makeden,AutoCAD PDF (General Documentation).pc3,Прежний размер листа (840.00 x 297.00 Пикселы),1:1,
E:\share_test\2 этап ПК240-ПК270_14.08.dwg,146,20.08.2026 14:19:09,makeden,AutoCAD PDF (General Documentation).pc3,Прежний размер листа (840.00 x 297.00 Пикселы),1:1,
E:\share_test\2 этап ПК240-ПК270_14.08.dwg,147,20.08.2026 14:19:16,makeden,AutoCAD PDF (General Documentation).pc3,Прежний размер листа (840.00 x 297.00 Пикселы),1:1,
E:\share_test\2 этап ПК240-ПК270_14.08.dwg,148,20.08.2026 14:19:22,makeden,AutoCAD PDF (General Documentation).pc3,Прежний размер листа (420.00 x 297.00 Пикселы),1:1,
E:\share_test\2 этап ПК240-ПК270_14.08.dwg,149,20.08.2026 14:19:28,makeden,AutoCAD PDF (General Documentation).pc3,Прежний размер листа (420.00 x 297.00 Пикселы),1:1,
E:\share_test\2 этап ПК240-ПК270_14.08.dwg,150,20.08.2026 14:19:34,makeden,AutoCAD PDF (General Documentation).pc3,Прежний размер листа (420.00 x 297.00 Пикселы),1:1,
E:\share_test\2 этап ПК240-ПК270_14.08.dwg,151,20.08.2026 14:19:40,makeden,AutoCAD PDF (General Documentation).pc3,Прежний размер листа (840.00 x 297.00 Пикселы),1:1,
E:\share_test\2 этап ПК240-ПК270_14.08.dwg,152,20.08.2026 14:19:46,makeden,AutoCAD PDF (General Documentation).pc3,Прежний размер листа (840.00 x 297.00 Пикселы),1:1,
E:\share_test\2 этап ПК240-ПК270_14.08.dwg,153,20.08.2026 14:19:53,makeden,AutoCAD PDF (General Documentation).pc3,Прежний размер листа (840.00 x 297.00 Пикселы),1:1,
E:\share_test\2 этап ПК240-ПК270_14.08.dwg,154,20.08.2026 14:20:00,makeden,AutoCAD PDF (General Documentation).pc3,Прежний размер листа (840.00 x 297.00 Пикселы),1:1,
E:\share_test\2 этап ПК240-ПК270_14.08.dwg,155,20.08.2026 14:20:06,makeden,AutoCAD PDF (General Documentation).pc3,Прежний размер листа (420.00 x 297.00 Пикселы),1:1,
E:\share_test\2 этап ПК240-ПК270_14.08.dwg,156,20.08.2026 14:20:12,makeden,AutoCAD PDF (General Documentation).pc3,Прежний размер листа (420.00 x 297.00 Пикселы),1:1,
E:\share_test\2 этап ПК240-ПК270_14.08.dwg,157,20.08.2026 14:20:18,makeden,AutoCAD PDF (General Documentation).pc3,Прежний размер листа (420.00 x 297.00 Пикселы),1:1,
E:\share_test\2 этап ПК240-ПК270_14.08.dwg,158,20.08.2026 14:20:24,makeden,AutoCAD PDF (General Documentation).pc3,Прежний размер листа (420.00 x 297.00 Пикселы),1:1,
E:\share_test\2 этап ПК240-ПК270_14.08.dwg,159,20.08.2026 14:20:30,makeden,AutoCAD PDF (General Documentation).pc3,Прежний размер листа (420.00 x 297.00 Пикселы),1:1,
E:\share_test\2 этап ПК240-ПК270_14.08.dwg,160,20.08.2026 14:20:36,makeden,AutoCAD PDF (General Documentation).pc3,Прежний размер листа (420.00 x 297.00 Пикселы),1:1,
E:\share_test\2 этап ПК240-ПК270_14.08.dwg,161,20.08.2026 14:20:43,makeden,AutoCAD PDF (General Documentation).pc3,Прежний размер листа (420.00 x 297.00 Пикселы),1:1,
E:\share_test\2 этап ПК240-ПК270_14.08.dwg,162,20.08.2026 14:20:50,makeden,AutoCAD PDF (General Documentation).pc3,Прежний размер листа (420.00 x 297.00 Пикселы),1:1,
E:\share_test\2 этап ПК240-ПК270_14.08.dwg,163,20.08.2026 14:20:56,makeden,AutoCAD PDF (General Documentation).pc3,Прежний размер листа (420.00 x 297.00 Пикселы),1:1,
E:\share_test\2 этап ПК240-ПК270_14.08.dwg,164,20.08.2026 14:21:02,makeden,AutoCAD PDF (General Documentation).pc3,Прежний размер листа (420.00 x 297.00 Пикселы),1:1,
E:\share_test\2 этап ПК240-ПК270_14.08.dwg,165,20.08.2026 14:21:08,makeden,AutoCAD PDF (General Documentation).pc3,Прежний размер листа (420.00 x 297.00 Пикселы),1:1,
E:\share_test\2 этап ПК240-ПК270_14.08.dwg,166,20.08.2026 14:21:14,makeden,AutoCAD PDF (General Documentation).pc3,Прежний размер листа (420.00 x 297.00 Пикселы),1:1,
E:\share_test\2 этап ПК240-ПК270_14.08.dwg,167,20.08.2026 14:21:21,makeden,AutoCAD PDF (General Documentation).pc3,Прежний размер листа (420.00 x 297.00 Пикселы),1:1,
E:\share_test\2 этап ПК240-ПК270_14.08.dwg,168,20.08.2026 14:21:27,makeden,AutoCAD PDF (General Documentation).pc3,Прежний размер листа (420.00 x 297.00 Пикселы),1:1,
E:\share_test\2 этап ПК240-ПК270_14.08.dwg,169,20.08.2026 14:21:33,makeden,AutoCAD PDF (General Documentation).pc3,Прежний размер листа (420.00 x 297.00 Пикселы),1:1,
E:\share_test\2 этап ПК240-ПК270_14.08.dwg,170,20.08.2026 14:21:39,makeden,AutoCAD PDF (General Documentation).pc3,Прежний размер листа (420.00 x 297.00 Пикселы),1:1,
E:\share_test\2 этап ПК240-ПК270_14.08.dwg,171,20.08.2026 14:21:45,makeden,AutoCAD PDF (General Documentation).pc3,Прежний размер листа (420.00 x 297.00 Пикселы),1:1,
E:\share_test\2 этап ПК240-ПК270_14.08.dwg,1,20.08.2026 14:46:52,makeden,AutoCAD PDF (General Documentation).pc3,Прежний размер листа (420.00 x 297.00 Пикселы),1:1,
E:\share_test\2 этап ПК240-ПК270_14.08.dwg,2,20.08.2026 14:46:58,makeden,AutoCAD PDF (General Documentation).pc3,Прежний размер листа (420.00 x 297.00 Пикселы),1:1,
E:\share_test\2 этап ПК240-ПК270_14.08.dwg,3,20.08.2026 14:47:04,makeden,AutoCAD PDF (General Documentation).pc3,Прежний размер листа (420.00 x 297.00 Пикселы),1:1,
E:\share_test\2 этап ПК240-ПК270_14.08.dwg,4,20.08.2026 14:47:10,makeden,AutoCAD PDF (General Documentation).pc3,Прежний размер листа (420.00 x 297.00 Пикселы),1:1,
E:\share_test\2 этап ПК240-ПК270_14.08.dwg,5,20.08.2026 14:47:15,makeden,AutoCAD PDF (General Documentation).pc3,Прежний размер листа (420.00 x 297.00 Пикселы),1:1,
E:\share_test\2 этап ПК240-ПК270_14.08.dwg,6,20.08.2026 14:47:21,makeden,AutoCAD PDF (General Documentation).pc3,Прежний размер листа (840.00 x 297.00 Пикселы),1:1,
E:\share_test\2 этап ПК240-ПК270_14.08.dwg,7,20.08.2026 14:47:27,makeden,AutoCAD PDF (General Documentation).pc3,Прежний размер листа (840.00 x 297.00 Пикселы),1:1,
E:\share_test\2 этап ПК240-ПК270_14.08.dwg,8,20.08.2026 14:47:33,makeden,AutoCAD PDF (General Documentation).pc3,Прежний размер листа (840.00 x 297.00 Пикселы),1:1,
E:\share_test\2 этап ПК240-ПК270_14.08.dwg,9,20.08.2026 14:47:39,makeden,AutoCAD PDF (General Documentation).pc3,Прежний размер листа (420.00 x 297.00 Пикселы),1:1,
E:\share_test\2 этап ПК240-ПК270_14.08.dwg,10,20.08.2026 14:47:44,makeden,AutoCAD PDF (General Documentation).pc3,Прежний размер листа (420.00 x 297.00 Пикселы),1:1,
E:\share_test\2 этап ПК240-ПК270_14.08.dwg,11,20.08.2026 14:47:50,makeden,AutoCAD PDF (General Documentation).pc3,Прежний размер листа (420.00 x 297.00 Пикселы),1:1,
E:\share_test\2 этап ПК240-ПК270_14.08.dwg,12,20.08.2026 14:47:56,makeden,AutoCAD PDF (General Documentation).pc3,Прежний размер листа (420.00 x 297.00 Пикселы),1:1,
E:\share_test\2 этап ПК240-ПК270_14.08.dwg,13,20.08.2026 14:48:02,makeden,AutoCAD PDF (General Documentation).pc3,Прежний размер листа (420.00 x 297.00 Пикселы),1:1,
E:\share_test\2 этап ПК240-ПК270_14.08.dwg,14,20.08.2026 14:48:08,makeden,AutoCAD PDF (General Documentation).pc3,Прежний размер листа (420.00 x 297.00 Пикселы),1:1,
E:\share_test\2 этап ПК240-ПК270_14.08.dwg,15,20.08.2026 14:48:14,makeden,AutoCAD PDF (General Documentation).pc3,Прежний размер листа (840.00 x 297.00 Пикселы),1:1,
E:\share_test\2 этап ПК240-ПК270_14.08.dwg,16,20.08.2026 14:48:20,makeden,AutoCAD PDF (General Documentation).pc3,Прежний размер листа (840.00 x 297.00 Пикселы),1:1,
E:\share_test\2 этап ПК240-ПК270_14.08.dwg,17,20.08.2026 14:48:26,makeden,AutoCAD PDF (General Documentation).pc3,Прежний размер листа (840.00 x 297.00 Пикселы),1:1,
E:\share_test\2 этап ПК240-ПК270_14.08.dwg,18,20.08.2026 14:48:32,makeden,AutoCAD PDF (General Documentation).pc3,Прежний размер листа (420.00 x 297.00 Пикселы),1:1,
E:\share_test\2 этап ПК240-ПК270_14.08.dwg,19,20.08.2026 14:48:38,makeden,AutoCAD PDF (General Documentation).pc3,Прежний размер листа (420.00 x 297.00 Пикселы),1:1,
E:\share_test\2 этап ПК240-ПК270_14.08.dwg,20,20.08.2026 14:48:43,makeden,AutoCAD PDF (General Documentation).pc3,Прежний размер листа (420.00 x 297.00 Пикселы),1:1,
E:\share_test\2 этап ПК240-ПК270_14.08.dwg,21,20.08.2026 14:48:49,makeden,AutoCAD PDF (General Documentation).pc3,Прежний размер листа (420.00 x 297.00 Пикселы),1:1,
E:\share_test\2 этап ПК240-ПК270_14.08.dwg,22,20.08.2026 14:48:55,makeden,AutoCAD PDF (General Documentation).pc3,Прежний размер листа (420.00 x 297.00 Пикселы),1:1,
E:\share_test\2 этап ПК240-ПК270_14.08.dwg,23,20.08.2026 14:49:01,makeden,AutoCAD PDF (General Documentation).pc3,Прежний размер листа (420.00 x 297.00 Пикселы),1:1,
E:\share_test\2 этап ПК240-ПК270_14.08.dwg,24,20.08.2026 14:49:07,makeden,AutoCAD PDF (General Documentation).pc3,Прежний размер листа (420.00 x 297.00 Пикселы),1:1,
E:\share_test\2 этап ПК240-ПК270_14.08.dwg,25,20.08.2026 14:49:13,makeden,AutoCAD PDF (General Documentation).pc3,Прежний размер листа (420.00 x 297.00 Пикселы),1:1,
E:\share_test\2 этап ПК240-ПК270_14.08.dwg,26,20.08.2026 14:49:19,makeden,AutoCAD PDF (General Documentation).pc3,Прежний размер листа (420.00 x 297.00 Пикселы),1:1,
E:\share_test\2 этап ПК240-ПК270_14.08.dwg,27,20.08.2026 14:49:25,makeden,AutoCAD PDF (General Documentation).pc3,Прежний размер листа (420.00 x 297.00 Пикселы),1:1,
E:\share_test\2 этап ПК240-ПК270_14.08.dwg,28,20.08.2026 14:49:30,makeden,AutoCAD PDF (General Documentation).pc3,Прежний размер листа (420.00 x 297.00 Пикселы),1:1,
E:\share_test\2 этап ПК240-ПК270_14.08.dwg,29,20.08.2026 14:49:36,makeden,AutoCAD PDF (General Documentation).pc3,Прежний размер листа (420.00 x 297.00 Пикселы),1:1,
E:\share_test\2 этап ПК240-ПК270_14.08.dwg,30,20.08.2026 14:49:43,makeden,AutoCAD PDF (General Documentation).pc3,Прежний размер листа (420.00 x 297.00 Пикселы),1:1,
E:\share_test\2 этап ПК240-ПК270_14.08.dwg,31,20.08.2026 14:49:49,makeden,AutoCAD PDF (General Documentation).pc3,Прежний размер листа (420.00 x 297.00 Пикселы),1:1,
E:\share_test\2 этап ПК240-ПК270_14.08.dwg,32,20.08.2026 14:49:54,makeden,AutoCAD PDF (General Documentation).pc3,Прежний размер листа (420.00 x 297.00 Пикселы),1:1,
E:\share_test\2 этап ПК240-ПК270_14.08.dwg,33,20.08.2026 14:50:00,makeden,AutoCAD PDF (General Documentation).pc3,Прежний размер листа (420.00 x 297.00 Пикселы),1:1,
E:\share_test\2 этап ПК240-ПК270_14.08.dwg,34,20.08.2026 14:50:06,makeden,AutoCAD PDF (General Documentation).pc3,Прежний размер листа (420.00 x 297.00 Пикселы),1:1,
E:\share_test\2 этап ПК240-ПК270_14.08.dwg,35,20.08.2026 14:50:12,makeden,AutoCAD PDF (General Documentation).pc3,Прежний размер листа (420.00 x 297.00 Пикселы),1:1,
E:\share_test\2 этап ПК240-ПК270_14.08.dwg,36,20.08.2026 14:50:18,makeden,AutoCAD PDF (General Documentation).pc3,Прежний размер листа (420.00 x 297.00 Пикселы),1:1,
E:\share_test\2 этап ПК240-ПК270_14.08.dwg,37,20.08.2026 14:50:24,makeden,AutoCAD PDF (General Documentation).pc3,Прежний размер листа (420.00 x 297.00 Пикселы),1:1,
E:\share_test\2 этап ПК240-ПК270_14.08.dwg,38,20.08.2026 14:50:30,makeden,AutoCAD PDF (General Documentation).pc3,Прежний размер листа (420.00 x 297.00 Пикселы),1:1,
E:\share_test\2 этап ПК240-ПК270_14.08.dwg,39,20.08.2026 14:50:36,makeden,AutoCAD PDF (General Documentation).pc3,Прежний размер листа (420.00 x 297.00 Пикселы),1:1,
E:\share_test\2 этап ПК240-ПК270_14.08.dwg,40,20.08.2026 14:50:41,makeden,AutoCAD PDF (General Documentation).pc3,Прежний размер листа (420.00 x 297.00 Пикселы),1:1,
E:\share_test\2 этап ПК240-ПК270_14.08.dwg,41,20.08.2026 14:50:48,makeden,AutoCAD PDF (General Documentation).pc3,Прежний размер листа (420.00 x 297.00 Пикселы),1:1,
E:\share_test\2 этап ПК240-ПК270_14.08.dwg,42,20.08.2026 14:50:53,makeden,AutoCAD PDF (General Documentation).pc3,Прежний размер листа (420.00 x 297.00 Пикселы),1:1,
E:\share_test\2 этап ПК240-ПК270_14.08.dwg,43,20.08.2026 14:50:59,makeden,AutoCAD PDF (General Documentation).pc3,Прежний размер листа (420.00 x 297.00 Пикселы),1:1,
E:\share_test\2 этап ПК240-ПК270_14.08.dwg,44,20.08.2026 14:51:05,makeden,AutoCAD PDF (General Documentation).pc3,Прежний размер листа (420.00 x 297.00 Пикселы),1:1,
E:\share_test\2 этап ПК240-ПК270_14.08.dwg,45,20.08.2026 14:51:11,makeden,AutoCAD PDF (General Documentation).pc3,Прежний размер листа (420.00 x 297.00 Пикселы),1:1,
E:\share_test\2 этап ПК240-ПК270_14.08.dwg,46,20.08.2026 14:51:17,makeden,AutoCAD PDF (General Documentation).pc3,Прежний размер листа (420.00 x 297.00 Пикселы),1:1,
E:\share_test\2 этап ПК240-ПК270_14.08.dwg,47,20.08.2026 14:51:23,makeden,AutoCAD PDF (General Documentation).pc3,Прежний размер листа (420.00 x 297.00 Пикселы),1:1,
E:\share_test\2 этап ПК240-ПК270_14.08.dwg,48,20.08.2026 14:51:29,makeden,AutoCAD PDF (General Documentation).pc3,Прежний размер листа (420.00 x 297.00 Пикселы),1:1,
E:\share_test\2 этап ПК240-ПК270_14.08.dwg,49,20.08.2026 14:51:39,makeden,AutoCAD PDF (General Documentation).pc3,Прежний размер листа (420.00 x 297.00 Пикселы),1:1,
E:\share_test\2 этап ПК240-ПК270_14.08.dwg,50,20.08.2026 14:51:45,makeden,AutoCAD PDF (General Documentation).pc3,Прежний размер листа (420.00 x 297.00 Пикселы),1:1,
E:\share_test\2 этап ПК240-ПК270_14.08.dwg,51,20.08.2026 14:51:50,makeden,AutoCAD PDF (General Documentation).pc3,Прежний размер листа (420.00 x 297.00 Пикселы),1:1,
E:\share_test\2 этап ПК240-ПК270_14.08.dwg,52,20.08.2026 14:51:56,makeden,AutoCAD PDF (General Documentation).pc3,Прежний размер листа (420.00 x 297.00 Пикселы),1:1,
E:\share_test\2 этап ПК240-ПК270_14.08.dwg,53,20.08.2026 14:52:02,makeden,AutoCAD PDF (General Documentation).pc3,Прежний размер листа (840.00 x 297.00 Пикселы),1:1,
E:\share_test\2 этап ПК240-ПК270_14.08.dwg,54,20.08.2026 14:52:08,makeden,AutoCAD PDF (General Documentation).pc3,Прежний размер листа (840.00 x 297.00 Пикселы),1:1,
E:\share_test\2 этап ПК240-ПК270_14.08.dwg,55,20.08.2026 14:52:14,makeden,AutoCAD PDF (General Documentation).pc3,Прежний размер листа (840.00 x 297.00 Пикселы),1:1,
E:\share_test\2 этап ПК240-ПК270_14.08.dwg,56,20.08.2026 14:52:20,makeden,AutoCAD PDF (General Documentation).pc3,Прежний размер листа (840.00 x 297.00 Пикселы),1:1,
E:\share_test\2 этап ПК240-ПК270_14.08.dwg,57,20.08.2026 14:52:26,makeden,AutoCAD PDF (General Documentation).pc3,Прежний размер листа (840.00 x 297.00 Пикселы),1:1,
E:\share_test\2 этап ПК240-ПК270_14.08.dwg,58,20.08.2026 14:52:32,makeden,AutoCAD PDF (General Documentation).pc3,Прежний размер листа (840.00 x 297.00 Пикселы),1:1,
E:\share_test\2 этап ПК240-ПК270_14.08.dwg,59,20.08.2026 14:52:37,makeden,AutoCAD PDF (General Documentation).pc3,Прежний размер листа (840.00 x 297.00 Пикселы),1:1,
E:\share_test\2 этап ПК240-ПК270_14.08.dwg,60,20.08.2026 14:52:43,makeden,AutoCAD PDF (General Documentation).pc3,Прежний размер листа (840.00 x 297.00 Пикселы),1:1,
E:\share_test\2 этап ПК240-ПК270_14.08.dwg,61,20.08.2026 14:52:49,makeden,AutoCAD PDF (General Documentation).pc3,Прежний размер листа (840.00 x 297.00 Пикселы),1:1,
E:\share_test\2 этап ПК240-ПК270_14.08.dwg,62,20.08.2026 14:52:55,makeden,AutoCAD PDF (General Documentation).pc3,Прежний размер листа (840.00 x 297.00 Пикселы),1:1,
E:\share_test\2 этап ПК240-ПК270_14.08.dwg,63,20.08.2026 14:53:01,makeden,AutoCAD PDF (General Documentation).pc3,Прежний размер листа (420.00 x 297.00 Пикселы),1:1,
E:\share_test\2 этап ПК240-ПК270_14.08.dwg,64,20.08.2026 14:53:07,makeden,AutoCAD PDF (General Documentation).pc3,Прежний размер листа (420.00 x 297.00 Пикселы),1:1,
E:\share_test\2 этап ПК240-ПК270_14.08.dwg,65,20.08.2026 14:53:13,makeden,AutoCAD PDF (General Documentation).pc3,Прежний размер листа (420.00 x 297.00 Пикселы),1:1,
E:\share_test\2 этап ПК240-ПК270_14.08.dwg,66,20.08.2026 14:53:18,makeden,AutoCAD PDF (General Documentation).pc3,Прежний размер листа (420.00 x 297.00 Пикселы),1:1,
E:\share_test\2 этап ПК240-ПК270_14.08.dwg,67,20.08.2026 14:53:24,makeden,AutoCAD PDF (General Documentation).pc3,Прежний размер листа (420.00 x 297.00 Пикселы),1:1,
E:\share_test\2 этап ПК240-ПК270_14.08.dwg,68,20.08.2026 14:53:30,makeden,AutoCAD PDF (General Documentation).pc3,Прежний размер листа (420.00 x 297.00 Пикселы),1:1,
E:\share_test\2 этап ПК240-ПК270_14.08.dwg,69,20.08.2026 14:53:37,makeden,AutoCAD PDF (General Documentation).pc3,Прежний размер листа (420.00 x 297.00 Пикселы),1:1,
E:\share_test\2 этап ПК240-ПК270_14.08.dwg,70,20.08.2026 14:53:43,makeden,AutoCAD PDF (General Documentation).pc3,Прежний размер листа (420.00 x 297.00 Пикселы),1:1,
E:\share_test\2 этап ПК240-ПК270_14.08.dwg,71,20.08.2026 14:53:48,makeden,AutoCAD PDF (General Documentation).pc3,Прежний размер листа (420.00 x 297.00 Пикселы),1:1,
E:\share_test\2 этап ПК240-ПК270_14.08.dwg,72,20.08.2026 14:53:54,makeden,AutoCAD PDF (General Documentation).pc3,Прежний размер листа (420.00 x 297.00 Пикселы),1:1,
E:\share_test\2 этап ПК240-ПК270_14.08.dwg,73,20.08.2026 14:54:00,makeden,AutoCAD PDF (General Documentation).pc3,Прежний размер листа (840.00 x 297.00 Пикселы),1:1,
E:\share_test\2 этап ПК240-ПК270_14.08.dwg,74,20.08.2026 14:54:06,makeden,AutoCAD PDF (General Documentation).pc3,Прежний размер листа (420.00 x 297.00 Пикселы),1:1,
E:\share_test\2 этап ПК240-ПК270_14.08.dwg,75,20.08.2026 14:54:12,makeden,AutoCAD PDF (General Documentation).pc3,Прежний размер листа (420.00 x 297.00 Пикселы),1:1,
E:\share_test\2 этап ПК240-ПК270_14.08.dwg,76,20.08.2026 14:54:18,makeden,AutoCAD PDF (General Documentation).pc3,Прежний размер листа (420.00 x 297.00 Пикселы),1:1,
E:\share_test\2 этап ПК240-ПК270_14.08.dwg,77,20.08.2026 14:54:24,makeden,AutoCAD PDF (General Documentation).pc3,Прежний размер листа (420.00 x 297.00 Пикселы),1:1,
E:\share_test\2 этап ПК240-ПК270_14.08.dwg,78,20.08.2026 14:54:30,makeden,AutoCAD PDF (General Documentation).pc3,Прежний размер листа (420.00 x 297.00 Пикселы),1:1,
E:\share_test\2 этап ПК240-ПК270_14.08.dwg,79,20.08.2026 14:54:36,makeden,AutoCAD PDF (General Documentation).pc3,Прежний размер листа (420.00 x 297.00 Пикселы),1:1,
E:\share_test\2 этап ПК240-ПК270_14.08.dwg,80,20.08.2026 14:54:42,makeden,AutoCAD PDF (General Documentation).pc3,Прежний размер листа (420.00 x 297.00 Пикселы),1:1,
E:\share_test\2 этап ПК240-ПК270_14.08.dwg,81,20.08.2026 14:54:48,makeden,AutoCAD PDF (General Documentation).pc3,Прежний размер листа (420.00 x 297.00 Пикселы),1:1,
E:\share_test\2 этап ПК240-ПК270_14.08.dwg,82,20.08.2026 14:54:54,makeden,AutoCAD PDF (General Documentation).pc3,Прежний размер листа (420.00 x 297.00 Пикселы),1:1,
E:\share_test\2 этап ПК240-ПК270_14.08.dwg,83,20.08.2026 14:55:00,makeden,AutoCAD PDF (General Documentation).pc3,Прежний размер листа (420.00 x 297.00 Пикселы),1:1,
E:\share_test\2 этап ПК240-ПК270_14.08.dwg,84,20.08.2026 14:55:07,makeden,AutoCAD PDF (General Documentation).pc3,Прежний размер листа (420.00 x 297.00 Пикселы),1:1,
E:\share_test\2 этап ПК240-ПК270_14.08.dwg,85,20.08.2026 14:55:12,makeden,AutoCAD PDF (General Documentation).pc3,Прежний размер листа (420.00 x 297.00 Пикселы),1:1,
E:\share_test\2 этап ПК240-ПК270_14.08.dwg,86,20.08.2026 14:55:18,makeden,AutoCAD PDF (General Documentation).pc3,Прежний размер листа (420.00 x 297.00 Пикселы),1:1,
E:\share_test\2 этап ПК240-ПК270_14.08.dwg,87,20.08.2026 14:55:24,makeden,AutoCAD PDF (General Documentation).pc3,Прежний размер листа (420.00 x 297.00 Пикселы),1:1,
E:\share_test\2 этап ПК240-ПК270_14.08.dwg,88,20.08.2026 14:55:31,makeden,AutoCAD PDF (General Documentation).pc3,Прежний размер листа (420.00 x 297.00 Пикселы),1:1,
E:\share_test\2 этап ПК240-ПК270_14.08.dwg,89,20.08.2026 14:55:38,makeden,AutoCAD PDF (General Documentation).pc3,Прежний размер листа (420.00 x 297.00 Пикселы),1:1,
E:\share_test\2 этап ПК240-ПК270_14.08.dwg,90,20.08.2026 14:55:45,makeden,AutoCAD PDF (General Documentation).pc3,Прежний размер листа (420.00 x 297.00 Пикселы),1:1,
E:\share_test\2 этап ПК240-ПК270_14.08.dwg,91,20.08.2026 14:55:51,makeden,AutoCAD PDF (General Documentation).pc3,Прежний размер листа (420.00 x 297.00 Пикселы),1:1,
E:\share_test\2 этап ПК240-ПК270_14.08.dwg,92,20.08.2026 14:55:57,makeden,AutoCAD PDF (General Documentation).pc3,Прежний размер листа (420.00 x 297.00 Пикселы),1:1,
E:\share_test\2 этап ПК240-ПК270_14.08.dwg,93,20.08.2026 14:56:03,makeden,AutoCAD PDF (General Documentation).pc3,Прежний размер листа (840.00 x 297.00 Пикселы),1:1,
E:\share_test\2 этап ПК240-ПК270_14.08.dwg,94,20.08.2026 14:56:11,makeden,AutoCAD PDF (General Documentation).pc3,Прежний размер листа (840.00 x 297.00 Пикселы),1:1,
E:\share_test\2 этап ПК240-ПК270_14.08.dwg,95,20.08.2026 14:56:19,makeden,AutoCAD PDF (General Documentation).pc3,Прежний размер листа (840.00 x 297.00 Пикселы),1:1,
E:\share_test\2 этап ПК240-ПК270_14.08.dwg,96,20.08.2026 14:56:31,makeden,AutoCAD PDF (General Documentation).pc3,Прежний размер листа (840.00 x 297.00 Пикселы),1:1,
E:\share_test\2 этап ПК240-ПК270_14.08.dwg,97,20.08.2026 14:56:40,makeden,AutoCAD PDF (General Documentation).pc3,Прежний размер листа (420.00 x 297.00 Пикселы),1:1,
E:\share_test\2 этап ПК240-ПК270_14.08.dwg,98,20.08.2026 14:56:47,makeden,AutoCAD PDF (General Documentation).pc3,Прежний размер листа (420.00 x 297.00 Пикселы),1:1,
E:\share_test\2 этап ПК240-ПК270_14.08.dwg,99,20.08.2026 14:56:55,makeden,AutoCAD PDF (General Documentation).pc3,Прежний размер листа (420.00 x 297.00 Пикселы),1:1,
E:\share_test\2 этап ПК240-ПК270_14.08.dwg,100,20.08.2026 14:57:01,makeden,AutoCAD PDF (General Documentation).pc3,Прежний размер листа (420.00 x 297.00 Пикселы),1:1,
E:\share_test\2 этап ПК240-ПК270_14.08.dwg,101,20.08.2026 14:57:08,makeden,AutoCAD PDF (General Documentation).pc3,Прежний размер листа (420.00 x 297.00 Пикселы),1:1,
E:\share_test\2 этап ПК240-ПК270_14.08.dwg,102,20.08.2026 14:57:15,makeden,AutoCAD PDF (General Documentation).pc3,Прежний размер листа (420.00 x 297.00 Пикселы),1:1,
E:\share_test\2 этап ПК240-ПК270_14.08.dwg,103,20.08.2026 14:57:21,makeden,AutoCAD PDF (General Documentation).pc3,Прежний размер листа (840.00 x 297.00 Пикселы),1:1,
E:\share_test\2 этап ПК240-ПК270_14.08.dwg,104,20.08.2026 14:57:30,makeden,AutoCAD PDF (General Documentation).pc3,Прежний размер листа (840.00 x 297.00 Пикселы),1:1,
E:\share_test\2 этап ПК240-ПК270_14.08.dwg,105,20.08.2026 14:57:36,makeden,AutoCAD PDF (General Documentation).pc3,Прежний размер листа (840.00 x 297.00 Пикселы),1:1,
E:\share_test\2 этап ПК240-ПК270_14.08.dwg,106,20.08.2026 14:57:42,makeden,AutoCAD PDF (General Documentation).pc3,Прежний размер листа (840.00 x 297.00 Пикселы),1:1,
E:\share_test\2 этап ПК240-ПК270_14.08.dwg,107,20.08.2026 14:57:49,makeden,AutoCAD PDF (General Documentation).pc3,Прежний размер листа (420.00 x 297.00 Пикселы),1:1,
E:\share_test\2 этап ПК240-ПК270_14.08.dwg,108,20.08.2026 14:57:54,makeden,AutoCAD PDF (General Documentation).pc3,Прежний размер листа (420.00 x 297.00 Пикселы),1:1,
E:\share_test\2 этап ПК240-ПК270_14.08.dwg,109,20.08.2026 14:58:00,makeden,AutoCAD PDF (General Documentation).pc3,Прежний размер листа (420.00 x 297.00 Пикселы),1:1,
E:\share_test\2 этап ПК240-ПК270_14.08.dwg,110,20.08.2026 14:58:06,makeden,AutoCAD PDF (General Documentation).pc3,Прежний размер листа (420.00 x 297.00 Пикселы),1:1,
E:\share_test\2 этап ПК240-ПК270_14.08.dwg,111,20.08.2026 14:58:12,makeden,AutoCAD PDF (General Documentation).pc3,Прежний размер листа (420.00 x 297.00 Пикселы),1:1,
E:\share_test\2 этап ПК240-ПК270_14.08.dwg,112,20.08.2026 14:58:18,makeden,AutoCAD PDF (General Documentation).pc3,Прежний размер листа (420.00 x 297.00 Пикселы),1:1,
E:\share_test\2 этап ПК240-ПК270_14.08.dwg,113,20.08.2026 14:58:24,makeden,AutoCAD PDF (General Documentation).pc3,Прежний размер листа (420.00 x 297.00 Пикселы),1:1,
E:\share_test\2 этап ПК240-ПК270_14.08.dwg,114,20.08.2026 14:58:30,makeden,AutoCAD PDF (General Documentation).pc3,Прежний размер листа (420.00 x 297.00 Пикселы),1:1,
E:\share_test\2 этап ПК240-ПК270_14.08.dwg,115,20.08.2026 14:58:36,makeden,AutoCAD PDF (General Documentation).pc3,Прежний размер листа (420.00 x 297.00 Пикселы),1:1,
E:\share_test\2 этап ПК240-ПК270_14.08.dwg,116,20.08.2026 14:58:42,makeden,AutoCAD PDF (General Documentation).pc3,Прежний размер листа (420.00 x 297.00 Пикселы),1:1,
E:\share_test\2 этап ПК240-ПК270_14.08.dwg,117,20.08.2026 14:58:48,makeden,AutoCAD PDF (General Documentation).pc3,Прежний размер листа (420.00 x 297.00 Пикселы),1:1,
E:\share_test\2 этап ПК240-ПК270_14.08.dwg,118,20.08.2026 14:58:54,makeden,AutoCAD PDF (General Documentation).pc3,Прежний размер листа (420.00 x 297.00 Пикселы),1:1,
E:\share_test\2 этап ПК240-ПК270_14.08.dwg,119,20.08.2026 14:59:00,makeden,AutoCAD PDF (General Documentation).pc3,Прежний размер листа (420.00 x 297.00 Пикселы),1:1,
E:\share_test\2 этап ПК240-ПК270_14.08.dwg,120,20.08.2026 14:59:06,makeden,AutoCAD PDF (General Documentation).pc3,Прежний размер листа (420.00 x 297.00 Пикселы),1:1,
E:\share_test\2 этап ПК240-ПК270_14.08.dwg,121,20.08.2026 14:59:12,makeden,AutoCAD PDF (General Documentation).pc3,Прежний размер листа (420.00 x 297.00 Пикселы),1:1,
E:\share_test\2 этап ПК240-ПК270_14.08.dwg,122,20.08.2026 14:59:18,makeden,AutoCAD PDF (General Documentation).pc3,Прежний размер листа (420.00 x 297.00 Пикселы),1:1,
E:\share_test\2 этап ПК240-ПК270_14.08.dwg,123,20.08.2026 14:59:24,makeden,AutoCAD PDF (General Documentation).pc3,Прежний размер листа (420.00 x 297.00 Пикселы),1:1,
E:\share_test\2 этап ПК240-ПК270_14.08.dwg,124,20.08.2026 14:59:30,makeden,AutoCAD PDF (General Documentation).pc3,Прежний размер листа (420.00 x 297.00 Пикселы),1:1,
E:\share_test\2 этап ПК240-ПК270_14.08.dwg,125,20.08.2026 14:59:36,makeden,AutoCAD PDF (General Documentation).pc3,Прежний размер листа (420.00 x 297.00 Пикселы),1:1,
E:\share_test\2 этап ПК240-ПК270_14.08.dwg,126,20.08.2026 14:59:42,makeden,AutoCAD PDF (General Documentation).pc3,Прежний размер листа (420.00 x 297.00 Пикселы),1:1,
E:\share_test\2 этап ПК240-ПК270_14.08.dwg,127,20.08.2026 14:59:48,makeden,AutoCAD PDF (General Documentation).pc3,Прежний размер листа (420.00 x 297.00 Пикселы),1:1,
E:\share_test\2 этап ПК240-ПК270_14.08.dwg,128,20.08.2026 14:59:54,makeden,AutoCAD PDF (General Documentation).pc3,Прежний размер листа (420.00 x 297.00 Пикселы),1:1,
E:\share_test\2 этап ПК240-ПК270_14.08.dwg,129,20.08.2026 15:00:00,makeden,AutoCAD PDF (General Documentation).pc3,Прежний размер листа (420.00 x 297.00 Пикселы),1:1,
E:\share_test\2 этап ПК240-ПК270_14.08.dwg,130,20.08.2026 15:00:06,makeden,AutoCAD PDF (General Documentation).pc3,Прежний размер листа (420.00 x 297.00 Пикселы),1:1,
E:\share_test\2 этап ПК240-ПК270_14.08.dwg,131,20.08.2026 15:00:12,makeden,AutoCAD PDF (General Documentation).pc3,Прежний размер листа (420.00 x 297.00 Пикселы),1:1,
E:\share_test\2 этап ПК240-ПК270_14.08.dwg,132,20.08.2026 15:00:18,makeden,AutoCAD PDF (General Documentation).pc3,Прежний размер листа (420.00 x 297.00 Пикселы),1:1,
E:\share_test\2 этап ПК240-ПК270_14.08.dwg,133,20.08.2026 15:00:25,makeden,AutoCAD PDF (General Documentation).pc3,Прежний размер листа (420.00 x 297.00 Пикселы),1:1,
E:\share_test\2 этап ПК240-ПК270_14.08.dwg,134,20.08.2026 15:00:30,makeden,AutoCAD PDF (General Documentation).pc3,Прежний размер листа (420.00 x 297.00 Пикселы),1:1,
E:\share_test\2 этап ПК240-ПК270_14.08.dwg,135,20.08.2026 15:00:36,makeden,AutoCAD PDF (General Documentation).pc3,Прежний размер листа (420.00 x 297.00 Пикселы),1:1,
E:\share_test\2 этап ПК240-ПК270_14.08.dwg,136,20.08.2026 15:00:43,makeden,AutoCAD PDF (General Documentation).pc3,Прежний размер листа (420.00 x 297.00 Пикселы),1:1,
E:\share_test\2 этап ПК240-ПК270_14.08.dwg,137,20.08.2026 15:00:49,makeden,AutoCAD PDF (General Documentation).pc3,Прежний размер листа (420.00 x 297.00 Пикселы),1:1,
E:\share_test\2 этап ПК240-ПК270_14.08.dwg,138,20.08.2026 15:00:55,makeden,AutoCAD PDF (General Documentation).pc3,Прежний размер листа (420.00 x 297.00 Пикселы),1:1,
E:\share_test\2 этап ПК240-ПК270_14.08.dwg,139,20.08.2026 15:01:01,makeden,AutoCAD PDF (General Documentation).pc3,Прежний размер листа (420.00 x 297.00 Пикселы),1:1,
E:\share_test\2 этап ПК240-ПК270_14.08.dwg,140,20.08.2026 15:01:07,makeden,AutoCAD PDF (General Documentation).pc3,Прежний размер листа (420.00 x 297.00 Пикселы),1:1,
E:\share_test\2 этап ПК240-ПК270_14.08.dwg,141,20.08.2026 15:01:13,makeden,AutoCAD PDF (General Documentation).pc3,Прежний размер листа (420.00 x 297.00 Пикселы),1:1,
E:\share_test\2 этап ПК240-ПК270_14.08.dwg,142,20.08.2026 15:01:19,makeden,AutoCAD PDF (General Documentation).pc3,Прежний размер листа (420.00 x 297.00 Пикселы),1:1,
E:\share_test\2 этап ПК240-ПК270_14.08.dwg,143,20.08.2026 15:01:25,makeden,AutoCAD PDF (General Documentation).pc3,Прежний размер листа (420.00 x 297.00 Пикселы),1:1,
E:\share_test\2 этап ПК240-ПК270_14.08.dwg,144,20.08.2026 15:01:31,makeden,AutoCAD PDF (General Documentation).pc3,Прежний размер листа (420.00 x 297.00 Пикселы),1:1,
E:\share_test\2 этап ПК240-ПК270_14.08.dwg,145,20.08.2026 15:01:37,makeden,AutoCAD PDF (General Documentation).pc3,Прежний размер листа (840.00 x 297.00 Пикселы),1:1,
E:\share_test\2 этап ПК240-ПК270_14.08.dwg,146,20.08.2026 15:01:43,makeden,AutoCAD PDF (General Documentation).pc3,Прежний размер листа (840.00 x 297.00 Пикселы),1:1,
E:\share_test\2 этап ПК240-ПК270_14.08.dwg,147,20.08.2026 15:01:49,makeden,AutoCAD PDF (General Documentation).pc3,Прежний размер листа (840.00 x 297.00 Пикселы),1:1,
E:\share_test\2 этап ПК240-ПК270_14.08.dwg,148,20.08.2026 15:01:55,makeden,AutoCAD PDF (General Documentation).pc3,Прежний размер листа (420.00 x 297.00 Пикселы),1:1,
E:\share_test\2 этап ПК240-ПК270_14.08.dwg,149,20.08.2026 15:02:01,makeden,AutoCAD PDF (General Documentation).pc3,Прежний размер листа (420.00 x 297.00 Пикселы),1:1,
E:\share_test\2 этап ПК240-ПК270_14.08.dwg,150,20.08.2026 15:02:07,makeden,AutoCAD PDF (General Documentation).pc3,Прежний размер листа (420.00 x 297.00 Пикселы),1:1,
E:\share_test\2 этап ПК240-ПК270_14.08.dwg,151,20.08.2026 15:02:14,makeden,AutoCAD PDF (General Documentation).pc3,Прежний размер листа (840.00 x 297.00 Пикселы),1:1,
E:\share_test\2 этап ПК240-ПК270_14.08.dwg,152,20.08.2026 15:02:20,makeden,AutoCAD PDF (General Documentation).pc3,Прежний размер листа (840.00 x 297.00 Пикселы),1:1,
E:\share_test\2 этап ПК240-ПК270_14.08.dwg,153,20.08.2026 15:02:26,makeden,AutoCAD PDF (General Documentation).pc3,Прежний размер листа (840.00 x 297.00 Пикселы),1:1,
E:\share_test\2 этап ПК240-ПК270_14.08.dwg,154,20.08.2026 15:02:32,makeden,AutoCAD PDF (General Documentation).pc3,Прежний размер листа (840.00 x 297.00 Пикселы),1:1,
E:\share_test\2 этап ПК240-ПК270_14.08.dwg,155,20.08.2026 15:02:38,makeden,AutoCAD PDF (General Documentation).pc3,Прежний размер листа (420.00 x 297.00 Пикселы),1:1,
E:\share_test\2 этап ПК240-ПК270_14.08.dwg,156,20.08.2026 15:02:44,makeden,AutoCAD PDF (General Documentation).pc3,Прежний размер листа (420.00 x 297.00 Пикселы),1:1,
E:\share_test\2 этап ПК240-ПК270_14.08.dwg,157,20.08.2026 15:02:50,makeden,AutoCAD PDF (General Documentation).pc3,Прежний размер листа (420.00 x 297.00 Пикселы),1:1,
E:\share_test\2 этап ПК240-ПК270_14.08.dwg,158,20.08.2026 15:02:56,makeden,AutoCAD PDF (General Documentation).pc3,Прежний размер листа (420.00 x 297.00 Пикселы),1:1,
E:\share_test\2 этап ПК240-ПК270_14.08.dwg,159,20.08.2026 15:03:02,makeden,AutoCAD PDF (General Documentation).pc3,Прежний размер листа (420.00 x 297.00 Пикселы),1:1,
E:\share_test\2 этап ПК240-ПК270_14.08.dwg,160,20.08.2026 15:03:08,makeden,AutoCAD PDF (General Documentation).pc3,Прежний размер листа (420.00 x 297.00 Пикселы),1:1,
E:\share_test\2 этап ПК240-ПК270_14.08.dwg,161,20.08.2026 15:03:14,makeden,AutoCAD PDF (General Documentation).pc3,Прежний размер листа (420.00 x 297.00 Пикселы),1:1,
E:\share_test\2 этап ПК240-ПК270_14.08.dwg,162,20.08.2026 15:03:20,makeden,AutoCAD PDF (General Documentation).pc3,Прежний размер листа (420.00 x 297.00 Пикселы),1:1,
E:\share_test\2 этап ПК240-ПК270_14.08.dwg,163,20.08.2026 15:03:26,makeden,AutoCAD PDF (General Documentation).pc3,Прежний размер листа (420.00 x 297.00 Пикселы),1:1,
E:\share_test\2 этап ПК240-ПК270_14.08.dwg,164,20.08.2026 15:03:32,makeden,AutoCAD PDF (General Documentation).pc3,Прежний размер листа (420.00 x 297.00 Пикселы),1:1,
E:\share_test\2 этап ПК240-ПК270_14.08.dwg,165,20.08.2026 15:03:38,makeden,AutoCAD PDF (General Documentation).pc3,Прежний размер листа (420.00 x 297.00 Пикселы),1:1,
E:\share_test\2 этап ПК240-ПК270_14.08.dwg,166,20.08.2026 15:03:44,makeden,AutoCAD PDF (General Documentation).pc3,Прежний размер листа (420.00 x 297.00 Пикселы),1:1,
E:\share_test\2 этап ПК240-ПК270_14.08.dwg,167,20.08.2026 15:03:50,makeden,AutoCAD PDF (General Documentation).pc3,Прежний размер листа (420.00 x 297.00 Пикселы),1:1,
E:\share_test\2 этап ПК240-ПК270_14.08.dwg,168,20.08.2026 15:03:56,makeden,AutoCAD PDF (General Documentation).pc3,Прежний размер листа (420.00 x 297.00 Пикселы),1:1,
E:\share_test\2 этап ПК240-ПК270_14.08.dwg,169,20.08.2026 15:04:02,makeden,AutoCAD PDF (General Documentation).pc3,Прежний размер листа (420.00 x 297.00 Пикселы),1:1,
E:\share_test\2 этап ПК240-ПК270_14.08.dwg,170,20.08.2026 15:04:08,makeden,AutoCAD PDF (General Documentation).pc3,Прежний размер листа (420.00 x 297.00 Пикселы),1:1,
E:\share_test\2 этап ПК240-ПК270_14.08.dwg,171,20.08.2026 15:04:15,makeden,AutoCAD PDF (General Documentation).pc3,Прежний размер листа (420.00 x 297.00 Пикселы),1:1,
E:\share_test\стадия ПД\11-2025-1-ТКР9-1 Кальмиус варианты.dwg,Лист1,20.08.2026 17:36:41,makeden,AutoCAD PDF (General Documentation).pc3,Прежний размер листа (1261.00 x 594.00 мм),1:1,
E:\share_test\стадия ПД\11-2025-1-ТКР9-1 Кальмиус варианты.dwg,Лист2,20.08.2026 17:36:45,makeden,AutoCAD PDF (General Documentation).pc3,ISO A4 (210.00 x 297.00 мм),1:1,
E:\share_test\стадия ПД\11-2025-1-ТКР9-1 Кальмиус варианты.dwg,Лист1,20.08.2026 17:37:41,makeden,AutoCAD PDF (General Documentation).pc3,Прежний размер листа (1261.00 x 594.00 мм),1:1,
E:\share_test\стадия ПД\11-2025-1-ТКР9-1 Кальмиус варианты.dwg,Лист2,20.08.2026 17:37:47,makeden,AutoCAD PDF (General Documentation).pc3,ISO A4 (210.00 x 297.00 мм),1:1,
E:\share_test\стадия ПД\11-2025-1-ТКР9-1 Кальмиус варианты.dwg,Лист1,20.08.2026 17:41:37,makeden,AutoCAD PDF (General Documentation).pc3,Прежний размер листа (1261.00 x 594.00 мм),1:1,
E:\share_test\стадия ПД\11-2025-1-ТКР9-1 Кальмиус варианты.dwg,Лист2,20.08.2026 17:41:41,makeden,AutoCAD PDF (General Documentation).pc3,ISO A4 (210.00 x 297.00 мм),1:1,
E:\share_test\стадия ПД\11-2025-1-ТКР9-10 Конуса _ПК70+50 Кальмиус.dwg,Лист1,20.08.2026 17:42:07,makeden,AutoCAD PDF (General Documentation).pc3,Прежний размер листа (1261.00 x 594.00 мм),1:1,
E:\share_test\стадия ПД\11-2025-1-ТКР9-10 Конуса _ПК70+50 Кальмиус.dwg,Лист2,20.08.2026 17:42:15,makeden,AutoCAD PDF (General Documentation).pc3,ISO A4 (210.00 x 297.00 мм),1:1,
E:\share_test\стадия ПД\11-2025-1-ТКР9-10 Конуса _ПК70+50 Кальмиус.dwg,Лист1,20.08.2026 17:43:38,makeden,AutoCAD PDF (General Documentation).pc3,Прежний размер листа (1261.00 x 594.00 мм),1:1,
E:\share_test\стадия ПД\11-2025-1-ТКР9-10 Конуса _ПК70+50 Кальмиус.dwg,Лист2,20.08.2026 17:43:48,makeden,AutoCAD PDF (General Documentation).pc3,ISO A4 (210.00 x 297.00 мм),1:1,
E:\share_test\01ГЧ1\11-2025-1-АД.1.1-02_План.dwg,1,21.08.2026 10:26:38,makeden,AutoCAD PDF (General Documentation).pc3,Прежний размер листа (1783.00 x 420.00 мм),1:1,
E:\share_test\01ГЧ1\11-2025-1-АД.1.1-02_План.dwg,2,21.08.2026 10:28:54,makeden,AutoCAD PDF (General Documentation).pc3,Прежний размер листа (1189.00 x 420.00 мм),1:1,
E:\share_test\01ГЧ1\11-2025-1-АД.1.1-02_План.dwg,3,21.08.2026 10:31:05,makeden,AutoCAD PDF (General Documentation).pc3,Прежний размер листа (1486.00 x 420.00 мм),1:1,
E:\share_test\01ГЧ1\11-2025-1-АД.1.1-02_План.dwg,4,21.08.2026 10:33:21,makeden,AutoCAD PDF (General Documentation).pc3,Прежний размер листа (1783.00 x 420.00 мм),1:1,
E:\share_test\01ГЧ1\11-2025-1-АД.1.1-02_План.dwg,5,21.08.2026 10:35:33,makeden,AutoCAD PDF (General Documentation).pc3,ISO без полей A2 (594.00 x 420.00 мм),1:1,
E:\share_test\01ГЧ1\11-2025-1-АД.1.1-02_План.dwg,6,21.08.2026 10:37:37,makeden,AutoCAD PDF (General Documentation).pc3,Прежний размер листа (1783.00 x 420.00 мм),1:1,
E:\share_test\01ГЧ1\11-2025-1-АД.1.1-02_План.dwg,7,21.08.2026 10:40:00,makeden,AutoCAD PDF (General Documentation).pc3,Прежний размер листа (1783.00 x 420.00 мм),1:1,
E:\share_test\01ГЧ1\11-2025-1-АД.1.1-02_План.dwg,8,21.08.2026 10:41:59,makeden,AutoCAD PDF (General Documentation).pc3,Прежний размер листа (1783.00 x 420.00 мм),1:1,
E:\share_test\01ГЧ1\11-2025-1-АД.1.1-02_План.dwg,9,21.08.2026 10:43:58,makeden,AutoCAD PDF (General Documentation).pc3,Прежний размер листа (1189.00 x 420.00 мм),1:1,
E:\share_test\01ГЧ1\11-2025-1-АД.1.1-02_План.dwg,10,21.08.2026 10:46:15,makeden,AutoCAD PDF (General Documentation).pc3,Прежний размер листа (1783.00 x 420.00 мм),1:1,
E:\share_test\01ГЧ1\11-2025-1-АД.1.1-02_План.dwg,11,21.08.2026 10:50:20,makeden,AutoCAD PDF (General Documentation).pc3,Прежний размер листа (1783.00 x 420.00 мм),1:1,
E:\share_test\01ГЧ1\11-2025-1-АД.1.1-02_План.dwg,12,21.08.2026 10:55:28,makeden,AutoCAD PDF (General Documentation).pc3,Прежний размер листа (1189.00 x 420.00 мм),1:1,
E:\share_test\01ГЧ1\11-2025-1-АД.1.1-02_План.dwg,1,21.08.2026 11:24:31,makeden,AutoCAD PDF (General Documentation).pc3,Прежний размер листа (1783.00 x 420.00 мм),1:1,
E:\share_test\01ГЧ1\11-2025-1-АД.1.1-02_План.dwg,2,21.08.2026 11:26:57,makeden,AutoCAD PDF (General Documentation).pc3,Прежний размер листа (1189.00 x 420.00 мм),1:1,
E:\share_test\01ГЧ1\11-2025-1-АД.1.1-02_План.dwg,3,21.08.2026 11:30:02,makeden,AutoCAD PDF (General Documentation).pc3,Прежний размер листа (1486.00 x 420.00 мм),1:1,
E:\share_test\01ГЧ1\11-2025-1-АД.1.1-02_План.dwg,4,21.08.2026 11:32:00,makeden,AutoCAD PDF (General Documentation).pc3,Прежний размер листа (1783.00 x 420.00 мм),1:1,
E:\share_test\01ГЧ1\11-2025-1-АД.1.1-02_План.dwg,5,21.08.2026 11:34:04,makeden,AutoCAD PDF (General Documentation).pc3,ISO без полей A2 (594.00 x 420.00 мм),1:1,
E:\share_test\01ГЧ1\11-2025-1-АД.1.1-02_План.dwg,6,21.08.2026 11:36:13,makeden,AutoCAD PDF (General Documentation).pc3,Прежний размер листа (1783.00 x 420.00 мм),1:1,
E:\share_test\01ГЧ1\11-2025-1-АД.1.1-02_План.dwg,7,21.08.2026 11:38:50,makeden,AutoCAD PDF (General Documentation).pc3,Прежний размер листа (1783.00 x 420.00 мм),1:1,
E:\share_test\01ГЧ1\11-2025-1-АД.1.1-02_План.dwg,8,21.08.2026 11:41:01,makeden,AutoCAD PDF (General Documentation).pc3,Прежний размер листа (1783.00 x 420.00 мм),1:1,
E:\share_test\01ГЧ1\11-2025-1-АД.1.1-02_План.dwg,9,21.08.2026 11:43:31,makeden,AutoCAD PDF (General Documentation).pc3,Прежний размер листа (1189.00 x 420.00 мм),1:1,
E:\share_test\01ГЧ1\11-2025-1-АД.1.1-02_План.dwg,10,21.08.2026 11:46:24,makeden,AutoCAD PDF (General Documentation).pc3,Прежний размер листа (1783.00 x 420.00 мм),1:1,
E:\share_test\01ГЧ1\11-2025-1-АД.1.1-02_План.dwg,11,21.08.2026 11:48:52,makeden,AutoCAD PDF (General Documentation).pc3,Прежний размер листа (1783.00 x 420.00 мм),1:1,
E:\share_test\01ГЧ1\11-2025-1-АД.1.1-02_План.dwg,12,21.08.2026 11:51:22,makeden,AutoCAD PDF (General Documentation).pc3,Прежний размер листа (1189.00 x 420.00 мм),1:1,
E:\share_test\3.1.1_ТКР1.1\1_ГЧ\20_Констр_лестн_сход_к_труб 425.dwg,Лист1,22.08.2026 18:46:57,makeden,AutoCAD PDF (General Documentation).pc3,Прежний размер листа (630.00 x 297.00 мм),1:1,
E:\share_test\3.1.1_ТКР1.1\1_ГЧ\20_Констр_лестн_сход_к_труб 425.dwg,Лист1,22.08.2026 19:04:46,makeden,AutoCAD PDF (General Documentation).pc3,Прежний размер листа (630.00 x 297.00 мм),1:1,
E:\share_test\3.1.1_ТКР1.1\1_ГЧ\1_План\План эт 1.dwg,12,22.08.2026 19:05:03,makeden,AutoCAD PDF (General Documentation).pc3,Прежний размер листа (297.00 x 1051.00 мм),1:1,
